Workbook
Name Table: Main!$D:$U
Name Table: Map!$D:$M

Sheet Map
A1: Restaurant | B1: Featured in Episode: | C1: Price Point | D1: Season | E1: Episode | F1: Items ordered | G1: Restaurant Link | H1: Address | I1: Video Link | J1: Publish Date | K1: Chain? | L1: Votes | M1: Notes
A2: =HYPERLINK("http://www.hamasakula.com/","Hamasaku") -> Hamasaku | B2: $3 Sushi Vs. $250 Sushi | C2: $$ | D2: 1 | E2: 1 | F2: $18.00 - Kinmedai White Ponzu Nigiri Platter Cajun Crab Roll | G2: http://www.hamasakula.com/ | H2: 11043 CA-2, Los Angeles, CA 90025 | I2: http://www.youtube.com/watch?v=2GZrPR5Ajrs | J2: 42631 | K2: no | M2: Price per plate
A3: Sasabune | B3: $3 Sushi Vs. $250 Sushi | C3: $$$ | D3: 1 | E3: 1 | F3: $250.00 - Omakase | G3: https://g.page/sasabuneglendale?share | H3: 101 N Brand Blvd UNIT 220, Glendale, CA 91023 | I3: http://www.youtube.com/watch?v=2GZrPR5Ajrs | J3: 42631 | K3: yes | L3: 1 | M3: Dinner for two
A4: =HYPERLINK("https://sushistop.com/","Sushi Stop") -> Sushi Stop | B4: $3 Sushi Vs. $250 Sushi | C4: $ | D4: 1 | E4: 1 | F4: $4.00 - Bluefin Nigiri $6.00 - Spanish Mackerel $2.95 - Spicy Scallap Roll $2.95 - Sweet Shrimp Nigiri | G4: https://sushistop.com/ | H4: 2218 Sawtelle Blvd, Los Angeles, CA 90064 | I4: http://www.youtube.com/watch?v=2GZrPR5Ajrs | J4: 42631 | K4: yes | L4: 1
A5: =HYPERLINK("https://www.caesars.com/paris-las-vegas/restaurants/burger-brasserie","Burger Brasserie") -> Burger Brasserie | B5: $4 Burger Vs. $777 Burger | C5: $$$ | D5: 1 | E5: 2 | F5: $777.00 - 777 Burger | G5: https://www.caesars.com/paris-las-vegas/restaurants/burger-brasserie | H5: 3655 S Las Vegas Blvd, Las Vegas, NV 89109 | I5: http://www.youtube.com/watch?v=wduZHtRbSkY | J5: 42638 | K5: no | L5: 1
A6: =HYPERLINK("https://www.caesars.com/planet-hollywood/restaurants/ramsay","Gordon Ramsay Burger") -> Gordon Ramsay Burger | B6: $4 Burger Vs. $777 Burger | C6: $$ | D6: 1 | E6: 2 | F6: $18.00 - Hog Burger | G6: https://www.caesars.com/planet-hollywood/restaurants/ramsay | H6: 3667 S Las Vegas Blvd, Las Vegas, NV 89109 | I6: http://www.youtube.com/watch?v=wduZHtRbSkY | J6: 42638 | K6: no | L6: 1
A7: =HYPERLINK("https://www.habitburger.com/","Habit Burger") -> Habit Burger | B7: $4 Burger Vs. $777 Burger | C7: $ | D7: 1 | E7: 2 | F7: $4.15 - Double Charburger | G7: https://www.habitburger.com/ | H7: 4830 Blue Diamond Rd, Las Vegas, NV 89139 | I7: http://www.youtube.com/watch?v=wduZHtRbSkY | J7: 42638 | K7: yes
A8: =HYPERLINK("https://www.blazepizza.com/locations/los-angeles-usc/","Blaze Pizza") -> Blaze Pizza | B8: $5 Pizza Vs. $135 Pizza | C8: $ | D8: 1 | E8: 3 | F8: $7.95 - Green Stripe $5.25 - Simple Pie | G8: https://www.blazepizza.com/locations/los-angeles-usc/ | H8: 667 E Colorado Blvd, Pasadena, CA 91101 | I8: http://www.youtube.com/watch?v=vzSfnduxNDg | J8: 42645 | K8: yes
A9: =HYPERLINK("https://pizzeriamozza.com/","Pizzeria Mozza") -> Pizzeria Mozza | B9: $5 Pizza Vs. $135 Pizza | C9: $$ | D9: 1 | E9: 3 | F9: $23.00 - Squash Blossoms | G9: https://pizzeriamozza.com/ | H9: 641 N Highland Ave, Los Angeles, CA 90036 | I9: http://www.youtube.com/watch?v=vzSfnduxNDg | J9: 42645 | K9: no | L9: 2
A10: =HYPERLINK("www.wolfgangpuck.com/dining/spago/","Spago") -> Spago | B10: $5 Pizza Vs. $135 Pizza $4 Dessert Vs. $235 Dessert | C10: $$$ | D10: 1 10 | E10: 3 3 | F10: $135.00 - Italian Summer Truffle $235.00 - Dessert Tasting Menu Enlish Muffin with Sea Urchin $69.00 Keluga Caviar Rye Tart Hokkaido Scallop Ceviche Charred Sunchoke $39.00 Sautéed Maine Monkfish $52.00 Lacquered Liberty Farm's Duck Breast | G10: www.wolfgangpuck.com/dining/spago/ | H10: 176 N Canon Dr, Beverly Hills, CA 90210 | I10: http://www.youtube.com/watch?v=vzSfnduxNDg https://youtu.be/Bhos_P4a-JQ?t=854 | J10: 10/2/2016 12/11/2021 | K10: no | L10: 1 | M10: Desser Oyster, Hasselback Apple, Chestnut Souffle; non of these appear to be on the Spago menu
A11: =HYPERLINK("http://wolfgangpuck.com/dining/cut-beverly-hills/","CUT") -> CUT | B11: $11 Steak Vs. $306 Steak | C11: $$$ | D11: 1 | E11: 4 | F11: $306.00 - Japanese Pure Wagyu | G11: http://wolfgangpuck.com/dining/cut-beverly-hills/ | H11: 9500 Wilshire Blvd, Beverly Hills, CA 90212 | I11: http://www.youtube.com/watch?v=Z5FoX3ju2J0 | J11: 42659 | K11: no | L11: 1
A12: =HYPERLINK("https://www.patinagroup.com/nick-and-stefs-steakhouse-la","Nick & Stef's Steakhouse") -> Nick & Stef's Steakhouse | B12: $11 Steak Vs. $306 Steak | C12: $$ | D12: 1 | E12: 4 | F12: $72.00 - Dry-Aged Rib Eye | G12: https://www.patinagroup.com/nick-and-stefs-steakhouse-la | H12: 330 S Hope St, Los Angeles, CA 90071 | I12: http://www.youtube.com/watch?v=Z5FoX3ju2J0 | J12: 42659 | K12: no | L12: 1
A13: =HYPERLINK("https://unclejohnsdtla.com/","Uncle John's Cafe") -> Uncle John's Cafe | B13: $11 Steak Vs. $306 Steak | C13: $ | D13: 1 | E13: 4 | F13: $11.00 - Steak and Eggs | G13: https://unclejohnsdtla.com/ | H13: 834 S Grand Ave, Los Angeles, CA 90017 | I13: http://www.youtube.com/watch?v=Z5FoX3ju2J0 | J13: 42659 | K13: no | L13: 1
A14: =HYPERLINK("http://lepetitparisla.com/","Le Petit Paris") -> Le Petit Paris | B14: $8 Pasta Vs. $100 Pasta | C14: $$$ | D14: 1 | E14: 5 | F14: $100.00 - Flambeed White Truffle Pasta | G14: http://lepetitparisla.com/ | H14: 418 S Spring St, Los Angeles, CA 90013 | I14: http://www.youtube.com/watch?v=NHiqsrYkcuk | J14: 42673 | K14: no
A15: =HYPERLINK("https://www.osteriamamma.com/","Osteria Mamma") -> Osteria Mamma | B15: $8 Pasta Vs. $100 Pasta | C15: $$ | D15: 1 | E15: 5 | F15: $19.75 - Bigoli Neri Alla Bottarga $19.25 - Pappardelle All'anatra | G15: https://www.osteriamamma.com/ | H15: 5732 Melrose Ave, Hollywood, CA 90004 | I15: http://www.youtube.com/watch?v=NHiqsrYkcuk | J15: 42673 | K15: no
A16: =HYPERLINK("https://www.pastasisters.com/","Pasta Sisters") -> Pasta Sisters | B16: $8 Pasta Vs. $100 Pasta | C16: $ | D16: 1 | E16: 5 | F16: $15.25 - Gnocchi Porcini $12.50 - Spaghetti Bottarga $8.25 - Tagliatella Arrabbiata | G16: https://www.pastasisters.com/ | H16: 3343 W Pico Blvd, Los Angeles, CA 90019 | I16: http://www.youtube.com/watch?v=NHiqsrYkcuk | J16: 42673 | K16: yes | L16: 3
A17: =HYPERLINK("https://www.tokyodog.com/","CLOSED Tokyo Dog") -> CLOSED Tokyo Dog | B17: $2 Hot Dog Vs. $169 Hot Dog | C17: $$$ | D17: 1 | E17: 6 | F17: $169.00 - Juuni Ban | G17: https://www.tokyodog.com/ | H17: 2nd Ave &, Pike St, Seattle, WA 98111 | I17: http://www.youtube.com/watch?v=6R8n6FbXVc8 | J17: 42693 | K17: no | L17: 1
A18: =HYPERLINK("http://www.emeraldcityfishandchips.com/","Emerald City Fish & Chips") -> Emerald City Fish & Chips | B18: $8 Salmon vs $56 Salmon | C18: $ | D18: 1 | E18: 7 | F18: $8.25 - Salmon Fish & Chips | G18: http://www.emeraldcityfishandchips.com/ | H18: 3756 Rainier Ave S, Seattle, WA 98144 | I18: http://www.youtube.com/watch?v=6R8n6FbXVc8 | J18: 42693 | K18: no | L18: 2
A19: =HYPERLINK("https://www.ivars.com/locations/salmon-house","Ivar's Salmon House") -> Ivar's Salmon House | B19: $8 Salmon vs $56 Salmon | C19: $$ | D19: 1 | E19: 7 | F19: $25.00 - Chinook King Salmon | G19: https://www.ivars.com/locations/salmon-house | H19: 401 NE Northlake Way, Seattle, WA 98105 | I19: http://www.youtube.com/watch?v=6R8n6FbXVc8 | J19: 42693 | K19: no
A20: =HYPERLINK("https://viciousdogshotdogs.com/","Vicious Dogs") -> Vicious Dogs | B20: $2 Hot Dog Vs. $169 Hot Dog | C20: $ | D20: 1 | E20: 6 | F20: $2.00 - Kosher Dog $6.00 - Sweet & Spicy | G20: https://viciousdogshotdogs.com/ | H20: 5231 Lankershim Blvd, North Hollywood, CA 91601 | I20: http://www.youtube.com/watch?v=6R8n6FbXVc8 | J20: 42693 | K20: no
A21: =HYPERLINK("https://www.wurstkuche.com/","Wurstküche") -> Wurstküche | B21: $2 Hot Dog Vs. $169 Hot Dog | C21: $$ | D21: 1 | E21: 6 | F21: $8.50 - Lamb with Mediterranean Spices $8.50 - Rattlesnake & Rabbit | G21: https://www.wurstkuche.com/ | H21: 800 E 3rd St, Los Angeles, CA 90013 | I21: http://www.youtube.com/watch?v=6R8n6FbXVc8 | J21: 42693 | K21: yes | L21: 1
A22: =HYPERLINK("https://elgaucho.com/dine/aqua/","Aqua By El Gaucho") -> Aqua By El Gaucho | B22: $8 Salmon vs $56 Salmon | C22: $$$ | D22: 1 | E22: 7 | F22: $56.00 - King Salmon | G22: https://elgaucho.com/dine/aqua/ | H22: 2801 Alaskan Way, Seattle, WA 98121 | I22: http://www.youtube.com/watch?v=V9eeg8d9XEg | J22: 42708 | K22: no
A23: =HYPERLINK("https://chosungalbee.com/","Chosun Galbee") -> Chosun Galbee | B23: $24 Korean BBQ vs $346 Korean BBQ | C23: $$$ | D23: 1 | E23: 8 | F23: $345.91 - Korean BBQ | G23: https://chosungalbee.com/ | H23: 3330 W Olympic Blvd, Los Angeles, CA 90019 | I23: http://www.youtube.com/watch?v=GTXP2FzQS94 | J23: 42722 | K23: no | L23: 2 | M23: S6E3 starts here
A24: OO-KOOK | B24: $24 Korean BBQ vs $346 Korean BBQ | C24: $ | D24: 1 | E24: 8 | F24: $23.99 - Korean BBQ | G24: http://ookookkoreanbbq.top-cafes.com/ | H24: 3385 W 8th St, Los Angeles, CA 90005 | I24: http://www.youtube.com/watch?v=GTXP2FzQS94 | J24: 42722 | K24: no | L24: 1 | M24: Per person
A25: =HYPERLINK("https://quarterskbbq.com/","Quarters") -> Quarters | B25: $24 Korean BBQ vs $346 Korean BBQ | C25: $$ | D25: 1 | E25: 8 | F25: $65.44 - Korean BBQ | G25: https://quarterskbbq.com/ | H25: 3465 W 6th St, Los Angeles, CA 90020 | I25: http://www.youtube.com/watch?v=GTXP2FzQS94 | J25: 42722 | K25: no | L25: 1
A26: =HYPERLINK("https://www.bottegalouie.com/","Bottega Louie") -> Bottega Louie | B26: $27 Cake Vs. $1,120 Cake | C26: $$$ | D26: 1 | E26: 9 | F26: $1,120.00 - Custom Cake | G26: https://www.bottegalouie.com/ | H26: 700 S Grand Ave, Los Angeles, CA 90017 | I26: http://www.youtube.com/watch?v=n4bucphC9r4 | J26: 42743 | K26: no
A27: =HYPERLINK("http://www.portosbakery.com/","Porto's Bakery") -> Porto's Bakery | B27: $27 Cake Vs. $1,120 Cake | C27: $ | D27: 1 | E27: 9 | F27: $26.75 - Milk'n Berries Cake | G27: http://www.portosbakery.com/ | H27: 315 N Brand Blvd, Glendale, CA 91203 | I27: http://www.youtube.com/watch?v=n4bucphC9r4 | J27: 42743 | K27: yes | L27: 1 | M27: Entire cake
A28: =HYPERLINK("http://proofbakery.com/","Proof Bakery") -> Proof Bakery | B28: $27 Cake Vs. $1,120 Cake | C28: $$ | D28: 1 | E28: 9 | F28: $48.00 - Chocolate Espresso Cake | G28: http://proofbakery.com/ | H28: 3156 Glendale Blvd, Los Angeles, CA 90039 | I28: http://www.youtube.com/watch?v=n4bucphC9r4 | J28: 42743 | K28: no | L28: 1 | M28: Entire cake
A29: =HYPERLINK("http://birdiesla.com/","Birdies") -> Birdies | B29: $1 Donut Vs. $100 Donut | C29: $$$ | D29: 2 | E29: 1 | F29: $100.00 - Golden Donut | G29: http://birdiesla.com/ | H29: 314 W Olympic Blvd, Los Angeles, CA 90015 | I29: http://www.youtube.com/watch?v=0n89GZvmeXI | J29: 42806 | K29: no
A30: =HYPERLINK("https://www.blinkiesdonuts.com/","Blinkie's Donut Emporium") -> Blinkie's Donut Emporium | B30: $1 Donut Vs. $100 Donut | C30: $ | D30: 2 | E30: 1 | F30: $1.00 - Glazed Donut | G30: https://www.blinkiesdonuts.com/ | H30: 4884 Topanga Canyon Blvd, Woodland Hills, CA 91364 | I30: http://www.youtube.com/watch?v=0n89GZvmeXI | J30: 42806 | K30: no | L30: 3
A31: The Church Key [CLOSED] | B31: $1 Donut Vs. $100 Donut | C31: $$ | D31: 2 | E31: 1 | F31: $12.00 - Brioche Donuts | H31: 8730 Sunset Blvd, West Hollywood, CA 90069 | I31: http://www.youtube.com/watch?v=0n89GZvmeXI | J31: 42806 | K31: no | M31: 3 donuts on the plate
A32: =HYPERLINK("https://redrock.sclv.com/Dining/Feast-Buffet/Menu-Sp","Feast Buffet, Red Rock Casino") -> Feast Buffet, Red Rock Casino | B32: $7 Buffet Vs. $95 Buffet | C32: $ | D32: 2 | E32: 2 | F32: $8.99 - Buffet Food | G32: https://redrock.sclv.com/Dining/Feast-Buffet/Menu-Sp | H32: 11011 W Charleston Blvd, Las Vegas, NV 89135 | I32: http://www.youtube.com/watch?v=U61yzVVlUoE | J32: 42813 | K32: no
A33: =HYPERLINK("https://www.caesars.com/ballys-las-vegas/restaurants/sterling-brunch","The Sterling Brunch, BLT Steak at Bally's") -> The Sterling Brunch, BLT Steak at Bally's | B33: $7 Buffet Vs. $95 Buffet | C33: $$$ | D33: 2 | E33: 2 | F33: $95.00 - Buffet Food | G33: https://www.caesars.com/ballys-las-vegas/restaurants/sterling-brunch | H33: 3645 S Las Vegas Blvd, Las Vegas, NV 89109 | I33: http://www.youtube.com/watch?v=U61yzVVlUoE | J33: 42813 | K33: no | L33: 2
A34: =HYPERLINK("https://www.cosmopolitanlasvegas.com/restaurants/wicked-spoon","Wicked Spoon, The Cosmopolitan") -> Wicked Spoon, The Cosmopolitan | B34: $7 Buffet Vs. $95 Buffet | C34: $$ | D34: 2 | E34: 2 | F34: $49.00 - Buffet Food | G34: https://www.cosmopolitanlasvegas.com/restaurants/wicked-spoon | H34: The Chelsea Tower, 3708 S Las Vegas Blvd Level 2, Las Vegas, NV 89109 | I34: http://www.youtube.com/watch?v=U61yzVVlUoE | J34: 42813 | K34: no | L34: 1
A35: =HYPERLINK("http://www.guisados.co/","Guisados") -> Guisados | B35: $47 Taco Vs. $1 Taco | C35: $$ | D35: 2 | E35: 3 | F35: $2.75 - Calabacitas Mole Poblano Cochinita Pibil | G35: http://www.guisados.co/ | H35: 2100 East Cesar E Chavez Avenue, Los Angeles, CA 90033 | I35: http://www.youtube.com/watch?v=DWq_sSSWWSI | J35: 42820 | K35: no | L35: 2 | M35: Per taco
A36: =HYPERLINK("https://www.leostacostruck.com/","Leo's Taco Truck") -> Leo's Taco Truck | B36: $47 Taco Vs. $1 Taco | C36: $ | D36: 2 | E36: 3 | F36: $1.25 - Tacos Al Pastor | G36: https://www.leostacostruck.com/ | H36: 1515 South La Brea Ave, Los Angeles, CA 90019 | I36: http://www.youtube.com/watch?v=DWq_sSSWWSI | J36: 42820 | K36: yes | L36: 1 | M36: Per taco
A37: =HYPERLINK("https://www.cosmopolitanlasvegas.com/restaurants/rose-rabbit-lie","Rose. Rabbit. Lie") -> Rose. Rabbit. Lie | B37: $47 Taco Vs. $1 Taco | C37: $$$ | D37: 2 | E37: 3 | F37: $47.00 - Caviar Taco | G37: https://www.cosmopolitanlasvegas.com/restaurants/rose-rabbit-lie | H37: The Chelsea Tower, 3708 Las Vegas Blvd S Level 2, Las Vegas, NV 89109 | I37: http://www.youtube.com/watch?v=DWq_sSSWWSI | J37: 42820 | K37: no
A38: =HYPERLINK("https://www.fostersfreeze.com/","Foster's Freeze") -> Foster's Freeze | B38: $1 Ice Cream Vs. $1,000 Ice Cream | C38: $ | D38: 2 | E38: 4 | F38: $1.69 - Small Dipped Cone | G38: https://www.fostersfreeze.com/ | H38: 4967 Eagle Rock Blvd, Los Angeles, CA 90041 | I38: http://www.youtube.com/watch?v=rNuIOpfA2HA | J38: 42827 | K38: yes | L38: 1
A39: =HYPERLINK("www.scoopswestside.com/","Scoops") -> Scoops | B39: $1 Ice Cream Vs. $1,000 Ice Cream | C39: $$ | D39: 2 | E39: 4 | F39: $3.95 - One Scoop Brown Bread Maple Black Truffle | G39: www.scoopswestside.com/ | H39: 5105 York Blvd, Los Angeles, CA 90042 | I39: http://www.youtube.com/watch?v=rNuIOpfA2HA | J39: 42827 | K39: no | L39: 2
A40: =HYPERLINK("https://serendipity3.com/","Serendipity 3") -> Serendipity 3 | B40: $1 Ice Cream Vs. $1,000 Ice Cream | C40: $$$ | D40: 2 | E40: 4 | F40: $1,000.00 - Golden Opulence Sundae | G40: https://serendipity3.com/ | H40: 225 E 60th St, New York, NY 10022 | I40: http://www.youtube.com/watch?v=rNuIOpfA2HA | J40: 42827 | K40: no
A41: =HYPERLINK("http://industry-kitchen.com/","Industry Kitchen") -> Industry Kitchen | B41: $2 Pizza Vs. $2,000 Pizza • New York City | C41: $$$ | D41: 2 | E41: 5 | F41: $2,000.00 - The 24K | G41: http://industry-kitchen.com/ | H41: 70 South Street, At, Maiden Ln, New York, NY 10038 | I41: http://www.youtube.com/watch?v=bcdJgjNDsto | J41: 42834 | K41: no
A42: =HYPERLINK("http://www.joespizzanyc.com/","Joe's Pizza") -> Joe's Pizza | B42: $2 Pizza Vs. $2,000 Pizza • New York City | C42: $ | D42: 2 | E42: 5 | F42: $2.75 - Cheese Slice | G42: http://www.joespizzanyc.com/ | H42: 7 Carmine St, New York, NY 10014 | I42: http://www.youtube.com/watch?v=bcdJgjNDsto | J42: 42834 | K42: yes | L42: 1
A43: =HYPERLINK("http://www.rossonyc.com/","Rossopomodoro, Eataly Flatiron") -> Rossopomodoro, Eataly Flatiron | B43: $2 Pizza Vs. $2,000 Pizza • New York City | C43: $$ | D43: 2 | E43: 5 | F43: $18.00 - Calzone $13.00 - Marinara Pizza | G43: http://www.rossonyc.com/ | H43: 200 5th Ave, New York, NY 10010 | I43: http://www.youtube.com/watch?v=bcdJgjNDsto | J43: 42834 | K43: yes
A44: =HYPERLINK("http://www.eileenscheesecake.com/","Eileen's Special Cheesecake") -> Eileen's Special Cheesecake | B44: $4 Cheesecake Vs. $70 Cheesecake | C44: $ | D44: 2 | E44: 6 | F44: $3.90 - Classic Cheesecake | G44: http://www.eileenscheesecake.com/ | H44: 17 Cleveland Pl, New York, NY 10012 | I44: http://www.youtube.com/watch?v=dJJFkOVHEng | J44: 42841 | K44: no | L44: 2
A45: =HYPERLINK("https://www.ladym.com/","Lady M") -> Lady M | B45: $4 Cheesecake Vs. $70 Cheesecake | C45: $$$ | D45: 2 | E45: 6 | F45: $70.00 - Gateu Nuage | G45: https://www.ladym.com/ | H45: 1178 Broadway, New York, NY 10001 | I45: http://www.youtube.com/watch?v=dJJFkOVHEng | J45: 42841 | K45: yes | M45: Entire cake
A46: =HYPERLINK("http://togrp.com/venue/stk-downtown/","STK Downtown") -> STK Downtown | B46: $4 Cheesecake Vs. $70 Cheesecake | C46: $$ | D46: 2 | E46: 6 | F46: $12.00 - Orange Dream Cheesecake | G46: http://togrp.com/venue/stk-downtown/ | H46: 26 Little W 12th St, New York, NY 10014 | I46: http://www.youtube.com/watch?v=dJJFkOVHEng | J46: 42841 | K46: no | L46: 1
A47: =HYPERLINK("https://www.gramercytavern.com/","Gramercy Tavern") -> Gramercy Tavern | B47: $7 Secret Menu Vs. $2,500 Secret Menu | C47: $$ | D47: 2 | E47: 7 | F47: $29.00 - Off-Menu Bacon Burger | G47: https://www.gramercytavern.com/ | H47: 42 E 20th St, New York, NY 10003 | I47: http://www.youtube.com/watch?v=oCxJhNLCdAU | J47: 42848 | K47: no | L47: 3
A48: =HYPERLINK("https://www.petrossian.com/new-york-boutique-cafe","Petrossian") -> Petrossian | B48: $7 Secret Menu Vs. $2,500 Secret Menu | C48: $$$ | D48: 2 | E48: 7 | F48: $2,500.00 - Caviar Souffle | G48: https://www.petrossian.com/new-york-boutique-cafe | H48: 911 7th Ave, New York, NY 10019 | I48: http://www.youtube.com/watch?v=oCxJhNLCdAU | J48: 42848 | K48: no
A49: =HYPERLINK("https://www.shakeshack.com/food-and-drink/","Shake Shack") -> Shake Shack | B49: $7 Secret Menu Vs. $2,500 Secret Menu | C49: $ | D49: 2 | E49: 7 | F49: $6.84 - Peanut Butter Bacon Burger | G49: https://www.shakeshack.com/food-and-drink/ | H49: 600 3rd Ave, New York, NY 10016 | I49: http://www.youtube.com/watch?v=oCxJhNLCdAU | J49: 42848 | K49: yes
A50: =HYPERLINK("https://www.montagehotels.com/beverlyhills/en/dining/10-pound/","£10 @ The Montage Hotel") -> £10 @ The Montage Hotel | B50: $6 Cocktail Vs. $208 Cocktail | C50: $$$ | D50: 2 | E50: 8 | F50: $208.00 - Penicillin | G50: https://www.montagehotels.com/beverlyhills/en/dining/10-pound/ | H50: 225 N Canon Dr, Beverly Hills, CA 90212 | I50: http://www.youtube.com/watch?v=cV7sxafvBgo | J50: 42855 | K50: no | L50: 1
A51: =HYPERLINK("http://goodtimesatdaveywaynes.com/","Good Times at Davey Wayne's") -> Good Times at Davey Wayne's | B51: $6 Cocktail Vs. $208 Cocktail | C51: $ | D51: 2 | E51: 8 | F51: $6.00 - Davey's Old Fashioned | G51: http://goodtimesatdaveywaynes.com/ | H51: 1611 N El Centro Ave, Los Angeles, CA 90028 | I51: http://www.youtube.com/watch?v=cV7sxafvBgo | J51: 42855 | K51: no | L51: 1
A52: =HYPERLINK("https://www.cliftonsla.com/pacific-seas/","Pacific Seas @ Clifton's") -> Pacific Seas @ Clifton's | B52: $6 Cocktail Vs. $208 Cocktail | C52: $$ | D52: 2 | E52: 8 | F52: $40.00 - Scorpion Bowl | G52: https://www.cliftonsla.com/pacific-seas/ | H52: 648 S Broadway, Los Angeles, CA 90014 | I52: http://www.youtube.com/watch?v=cV7sxafvBgo | J52: 42855 | K52: no | L52: 1
A53: =HYPERLINK("https://www.connieandteds.com/","Connie and Ted's") -> Connie and Ted's | B53: $2 Egg Vs. $95 Egg | C53: $$ | D53: 2 | E53: 9 | F53: $18.00 - Peeky Toe Crab & Lobster Omelette | G53: https://www.connieandteds.com/ | H53: 8171 Santa Monica Blvd, West Hollywood, CA 90046 | I53: http://www.youtube.com/watch?v=JM1Qgsh2rn0 | J53: 42862 | K53: no | L53: 2
A54: =HYPERLINK("http://laotaostreetfood.com/","Lao Tao") -> Lao Tao | B54: $2 Egg Vs. $95 Egg | C54: $ | D54: 2 | E54: 9 | F54: $2.00 - Oolong Tea-Infused Egg | G54: http://laotaostreetfood.com/ | H54: 727 North Broadway #207, 2nd floor, Los Angeles, CA 90012 | I54: http://www.youtube.com/watch?v=JM1Qgsh2rn0 | J54: 42862 | K54: no | L54: 1 | M54: 1 egg
A55: =HYPERLINK("https://www.melisse.com/","Mélisse") -> Mélisse | B55: $2 Egg Vs. $95 Egg | C55: $$$ | D55: 2 | E55: 9 | F55: $95.00 - Truggle Egg | G55: https://www.melisse.com/ | H55: 1104 Wilshire Blvd, Santa Monica, CA 90401 | I55: http://www.youtube.com/watch?v=JM1Qgsh2rn0 | J55: 42862 | K55: no
A56: =HYPERLINK("https://www.tripadvisor.com/Restaurant_Review-g294197-d9299919-Reviews-Gangnam_Galmaegi-Seoul.html","Gangnam Galmegi") -> Gangnam Galmegi | B56: $13 BBQ Ribs Vs. $256 BBQ Ribs • Korea | C56: $ | D56: 2 | E56: 10 | F56: $13.00 - Beef Rib Finger Meat | G56: https://www.tripadvisor.com/Restaurant_Review-g294197-d9299919-Reviews-Gangnam_Galmaegi-Seoul.html | H56: 40 Seocho-daero 73-gil, Seocho 4(sa)-dong, Seocho-gu, Seoul, South Korea | I56: http://www.youtube.com/watch?v=6naWCw5LSPc | J56: 42869 | K56: no
A57: So Deul Nyuk | B57: $13 BBQ Ribs Vs. $256 BBQ Ribs • Korea | C57: $$ | D57: 2 | E57: 10 | F57: $28.00 - Soy Marinated Beef Ribs | G57: https://goo.gl/maps/27fZR8jhiRuRgkmM7 | H57: 232 Hyoryeong-ro, Seocho 3(sam)-dong, Seocho-gu, Seoul, South Korea | I57: http://www.youtube.com/watch?v=6naWCw5LSPc | J57: 42869 | K57: no | L57: 3
A58: =HYPERLINK("https://www.walkerhill.com/grandwalkerhillseoul/en/dining/Myongwolgwan","Walkerhill Myongwolgwan") -> Walkerhill Myongwolgwan | B58: $13 BBQ Ribs Vs. $256 BBQ Ribs • Korea | C58: $$$ | D58: 2 | E58: 10 | F58: $256.00 - Hanwoo 'Byeongpung' Beef Ribs | G58: https://www.walkerhill.com/grandwalkerhillseoul/en/dining/Myongwolgwan | H58: South Korea, Seoul, Gwangjin-gu, Walkerhill-ro, 177 광장동 워커힐로 177 광진구 서울특별시 KR 04963 | I58: http://www.youtube.com/watch?v=6naWCw5LSPc | J58: 42869 | K58: no | L58: 1
A59: =HYPERLINK("www.bartong.com/","Barton G.") -> Barton G. | B59: $3 Mac 'N' Cheese Vs. $195 Mac 'N' Cheese | C59: $$$ | D59: 3 | E59: 1 | F59: $195.00 - Truffle Lobster Mac & Cheese | G59: www.bartong.com/ | H59: 861 N La Cienega Blvd, Los Angeles, CA 90069 | I59: http://www.youtube.com/watch?v=B2COl0ui4Sc | J59: 42974 | K59: no
A60: =HYPERLINK("https://www.facebook.com/ChefMarilynsSoulFoodExpress/","Chef Marilyn's") -> Chef Marilyn's | B60: $3 Mac 'N' Cheese Vs. $195 Mac 'N' Cheese | C60: $ | D60: 3 | E60: 1 | F60: $3.00 - Mac & Cheese | G60: https://www.facebook.com/ChefMarilynsSoulFoodExpress/ | H60: 2638 Crenshaw Blvd, Los Angeles, CA 90016 | I60: http://www.youtube.com/watch?v=B2COl0ui4Sc | J60: 42974 | K60: no | L60: 1
A61: =HYPERLINK("http://littlejewel.la/","Little Jewel of New Orleans") -> Little Jewel of New Orleans | B61: $3 Mac 'N' Cheese Vs. $195 Mac 'N' Cheese | C61: $$ | D61: 3 | E61: 1 | F61: $13.99 - Craw Mac Deluxe | G61: http://littlejewel.la/ | H61: 207 Ord St, Los Angeles, CA 90012 | I61: http://www.youtube.com/watch?v=B2COl0ui4Sc | J61: 42974 | K61: no | L61: 2
A62: =HYPERLINK("https://barrelandashes.com/","CLOSED Barrel & Ashes") -> CLOSED Barrel & Ashes | B62: $7 BBQ Ribs Vs. $68 BBQ Ribs | C62: $$ | D62: 3 | E62: 2 | F62: $36.00 - Pork Spare Ribs | G62: https://barrelandashes.com/ | H62: 11801 Ventura Blvd, Studio City, CA 91604 | I62: http://www.youtube.com/watch?v=AAeRZX6ann8 | J62: 42981 | K62: no | L62: 1 | M62: No sides
A63: =HYPERLINK("http://www.bigmista.com/","CLOSED Bigmista's Barbecue & Sammich Shop") -> CLOSED Bigmista's Barbecue & Sammich Shop | B63: $7 BBQ Ribs Vs. $68 BBQ Ribs | C63: $ | D63: 3 | E63: 2 | F63: $7.00 - 1/2 lb Pork Spare Ribs | G63: http://www.bigmista.com/ | H63: 3444 N Los Coyotes Diagonal, Long Beach, CA 90808 | I63: http://www.youtube.com/watch?v=AAeRZX6ann8 | J63: 42981 | K63: no | L63: 2
A64: =HYPERLINK("https://mapleblockmeat.com/","Maple Block Meat Co") -> Maple Block Meat Co | B64: $7 BBQ Ribs Vs. $68 BBQ Ribs | C64: $$$ | D64: 3 | E64: 2 | F64: $68.00 - Full Rack Pork Spare Ribs | G64: https://mapleblockmeat.com/ | H64: 3973 Sepulveda Blvd, Culver City, CA 90230 | I64: http://www.youtube.com/watch?v=AAeRZX6ann8 | J64: 42981 | K64: no | M64: No sides
A65: =HYPERLINK("https://www.cirrusdining.com.au/","Cirrus") -> Cirrus | B65: $3 Seafood Vs. $213 Seafood • Australia | C65: $$ | D65: 3 | E65: 3 | F65: $42.00 - Grilled WA Marren | G65: https://www.cirrusdining.com.au/ | H65: 23 Barangaroo Ave, Barangaroo NSW 2000, Australia | I65: http://www.youtube.com/watch?v=iXexmZm3_j8 | J65: 42988 | K65: no | L65: 3 | M65: Price in Australian Dollars
A66: =HYPERLINK("http://www.doyles.com.au/","Doyle's Oyster Bar") -> Doyle's Oyster Bar | B66: $3 Seafood Vs. $213 Seafood • Australia | C66: $ | D66: 3 | E66: 3 | F66: $3.00 - Coffin Bay Oyster Sydney Rock Oyster | G66: http://www.doyles.com.au/ | H66: Sydney Fish Markets, 1 Bank St &, Pyrmont Bridge Rd, Pyrmont NSW 2009, Australia | I66: http://www.youtube.com/watch?v=iXexmZm3_j8 | J66: 42988 | K66: no | M66: Price per oyster in Australian Dollars
A67: =HYPERLINK("https://www.crownmelbourne.com.au/restaurants/premium/silks/info-booking","Silks") -> Silks | B67: $3 Seafood Vs. $213 Seafood • Australia | C67: $$$ | D67: 3 | E67: 3 | F67: $213.00 - Braised Whole Green Lip Abalone | G67: https://www.crownmelbourne.com.au/restaurants/premium/silks/info-booking | H67: Level 1 Crown Towers, Crown Melbourne, 8 Whiteman St, Southbank VIC 3006, Australia | I67: http://www.youtube.com/watch?v=iXexmZm3_j8 | J67: 42988 | K67: no | M67: Price in Australian Dollars
A68: =HYPERLINK("https://www.allsaintswine.com.au/","All Saints Estate Winery") -> All Saints Estate Winery | B68: $18 Wine Vs. $1,000 Wine | C68: $$$ | D68: 3 | E68: 4 | F68: $1,000.00 - Museum Muscadelle Museum Muscat | G68: https://www.allsaintswine.com.au/ | H68: 205 All Saints Rd, Wahgunyah VIC 3687, Australia | I68: http://www.youtube.com/watch?v=ZsJSW21oXE0 | J68: 42995 | K68: no | L68: 1 | M68: Price per bottle in Australian Dollars
A69: =HYPERLINK("https://www.fowleswine.com/","Fowles Wine") -> Fowles Wine | B69: $18 Wine Vs. $1,000 Wine | C69: $$ | D69: 3 | E69: 4 | F69: $35.00 - Ladies Who Shoot Their Lunch 2016 Shiraz | G69: https://www.fowleswine.com/ | H69: 1175 Lambing Gully Rd, Avenel VIC 3664, Australia | I69: http://www.youtube.com/watch?v=ZsJSW21oXE0 | J69: 42995 | K69: no | L69: 2 | M69: Price in Australian Dollars
A70: =HYPERLINK("http://www.tahbilk.com.au/","Tahbilk Winery") -> Tahbilk Winery | B70: $18 Wine Vs. $1,000 Wine | C70: $ | D70: 3 | E70: 4 | F70: $17.95 - 2016 Marsanne | G70: http://www.tahbilk.com.au/ | H70: 254 Oneils Rd, Tabilk VIC 3608, Australia | I70: http://www.youtube.com/watch?v=ZsJSW21oXE0 | J70: 42995 | K70: no | M70: Price in Australian Dollars
A71: =HYPERLINK("https://donovans.com.au/","Donovan's") -> Donovan's | B71: $16 Steak Vs. $150 Steak • Australia | C71: $$ | D71: 3 | E71: 5 | F71: $63.00 - 500g Grass Fed T-Bone | G71: https://donovans.com.au/ | H71: 40 Jacka Blvd, St Kilda VIC 3182, Australia | I71: http://www.youtube.com/watch?v=53ivEr2Sd44 | J71: 43002 | K71: no | L71: 2 | M71: Price in Australian Dollars
A72: =HYPERLINK("http://www.rockpool.com/rockpoolbarandgrillsydney/","Rockpool Bar & Grill") -> Rockpool Bar & Grill | B72: $16 Steak Vs. $150 Steak • Australia | C72: $$$ | D72: 3 | E72: 5 | F72: $150.00 - 300g Sirloin $69.00 - Eye of Chuck Wagyu Ox | G72: http://www.rockpool.com/rockpoolbarandgrillsydney/ | H72: 66 Hunter St, Sydney NSW 2000, Australia | I72: http://www.youtube.com/watch?v=53ivEr2Sd44 | J72: 43002 | K72: no | M72: Price in Australian Dollars
A73: =HYPERLINK("https://www.clovellyhotel.com.au/","The Clovelly Hotel") -> The Clovelly Hotel | B73: $16 Steak Vs. $150 Steak • Australia | C73: $ | D73: 3 | E73: 5 | F73: $16.00 - 250g Rump Steak with Beans and Mash | G73: https://www.clovellyhotel.com.au/ | H73: 381 Clovelly Rd, Clovelly NSW 2031, Australia | I73: http://www.youtube.com/watch?v=53ivEr2Sd44 | J73: 43002 | K73: no | M73: Price in Australian Dollars
A74: =HYPERLINK("https://noodlebar-ny.momofuku.com/","Momofuku Noodle Bar") -> Momofuku Noodle Bar | B74: $17 Fried Chicken Vs. $500 Fried Chicken | C74: $$$ | D74: 3 | E74: 6 | F74: $500.00 - Caviar & Fried Chicken | G74: https://noodlebar-ny.momofuku.com/ | H74: 171 1st Avenue, New York, NY 10003 | I74: http://www.youtube.com/watch?v=M6XiFKB7j0w | J74: 43009 | K74: yes | L74: 2 | M74: 4-6 people
A75: =HYPERLINK("https://www.redroosterharlem.com/","Red Rooster") -> Red Rooster | B75: $17 Fried Chicken Vs. $500 Fried Chicken | C75: $$ | D75: 3 | E75: 6 | F75: $27.00 - Hot Honey Yard Bird | G75: https://www.redroosterharlem.com/ | H75: 310 Malcolm X Blvd, New York, NY 10027 | I75: http://www.youtube.com/watch?v=M6XiFKB7j0w | J75: 43009 | K75: no | L75: 1
A76: =HYPERLINK("http://sylviasrestaurant.com/","Sylvia's Restaurant") -> Sylvia's Restaurant | B76: $17 Fried Chicken Vs. $500 Fried Chicken | C76: $ | D76: 3 | E76: 6 | F76: $16.95 - Sylvia's Down Home Fried Chicken | G76: http://sylviasrestaurant.com/ | H76: 328 Malcolm X Blvd, New York, NY 10027 | I76: http://www.youtube.com/watch?v=M6XiFKB7j0w | J76: 43009 | K76: no
A77: =HYPERLINK("https://goo.gl/maps/B1KPAVyD4Z1V4Atx5","CLOSED A-Frame") -> CLOSED A-Frame | B77: $19 Brunch Vs. $113 Brunch | C77: $$ | D77: 3 | E77: 7 | F77: $30.00 - All You Can Drink All You Can Eat Stacks on Stacks | G77: https://goo.gl/maps/B1KPAVyD4Z1V4Atx5 | H77: 12565 W Washington Blvd, Los Angeles, CA 90066 | I77: http://www.youtube.com/watch?v=yyv2gOHMGEc | J77: 43016 | K77: no | L77: 2
A78: =HYPERLINK("https://www.myhomestate.com/menu/","Homestate") -> Homestate | B78: $19 Brunch Vs. $113 Brunch | C78: $ | D78: 3 | E78: 7 | F78: $18.75 - Trinity Blanco Pecos Lil Queso Iced Toddy L | G78: https://www.myhomestate.com/menu/ | H78: 4624 Hollywood Blvd, Los Angeles, CA 90027 | I78: http://www.youtube.com/watch?v=yyv2gOHMGEc | J78: 43016 | K78: no | L78: 1
A79: =HYPERLINK("https://www.peninsula.com/en/beverly-hills/hotel-fine-dining/belvedere-mediterranean","The Belvedere") -> The Belvedere | B79: $19 Brunch Vs. $113 Brunch | C79: $$$ | D79: 3 | E79: 7 | F79: $113.00 - Brunch Buffet Free Flow Champagne | G79: https://www.peninsula.com/en/beverly-hills/hotel-fine-dining/belvedere-mediterranean | H79: 9882 South Santa Monica Boulevard Ground Floor, Beverly Hills, CA 90212 | I79: http://www.youtube.com/watch?v=yyv2gOHMGEc | J79: 43016 | K79: no
A80: =HYPERLINK("https://www.facebook.com/mengekijyougeneiroppongi/?ref=py_c&utm_source=tripadvisor&utm_medium=referral","CLOSED Genei Tokyo") -> CLOSED Genei Tokyo | B80: $3 Ramen Vs. $79 Ramen • Japan | C80: $$$ | D80: 3 | E80: 8 | F80: $79.00 - Ultimate Ramen & Highest Grade Iberico Pork Shabu Shabu Course | G80: https://www.facebook.com/mengekijyougeneiroppongi/?ref=py_c&utm_source=tripadvisor&utm_medium=referral | H80: 4 Chome-5-7 Roppongi, Minato City, Tokyo 106-0032, Japan | I80: http://www.youtube.com/watch?v=QtVL76gh09U | J80: 43023 | K80: no | M80: Multiple courses
A81: =HYPERLINK("http://rinrin.food46.com/","Rinrin") -> Rinrin | B81: $3 Ramen Vs. $79 Ramen • Japan | C81: $ | D81: 3 | E81: 8 | F81: $3.00 - Ramen | G81: http://rinrin.food46.com/ | H81: 17-14 Senjunakaicho, Adachi City, Tokyo 120-0035, Japan | I81: http://www.youtube.com/watch?v=QtVL76gh09U | J81: 43023 | K81: no | L81: 2
A82: =HYPERLINK("http://www.tsuta.com/","Tsuta Japanese Soba Noodles") -> Tsuta Japanese Soba Noodles | B82: $3 Ramen Vs. $79 Ramen • Japan | C82: $$ | D82: 3 | E82: 8 | F82: $8.00 - Shobu Soba | G82: http://www.tsuta.com/ | H82: Japan, 〒151-0066 Tokyo, Shibuya City, Nishihara, 3 Chome−2, ２−４−Ｂ１ | I82: http://www.youtube.com/watch?v=QtVL76gh09U | J82: 43023 | K82: no | L82: 2
A83: =HYPERLINK("https://www.facebook.com/coffeeelementaryschool/","Coffee Elementary School") -> Coffee Elementary School | B83: $1 Coffee Vs. $914 Coffee • Japan | C83: $$ | D83: 3 | E83: 9 | F83: $4.00 - C.E.S. Blend | G83: https://www.facebook.com/coffeeelementaryschool/ | H83: 12-6 Uguisudanicho, Shibuya City, Tokyo 150-0032, Japan | I83: http://www.youtube.com/watch?v=qIbbJV-grHg | J83: 43030 | K83: no | L83: 3
A84: =HYPERLINK("http://www.rostar.jp/","R.O.Star") -> R.O.Star | B84: $1 Coffee Vs. $914 Coffee • Japan | C84: $ | D84: 3 | E84: 9 | F84: $1.00 - Bitter Sweet Blend Iced Coffee | G84: http://www.rostar.jp/ | H84: Japan, 〒135-0061 Tokyo, Koto City, Toyosu, 3 Chome−2−20 豊洲フロント | I84: http://www.youtube.com/watch?v=qIbbJV-grHg | J84: 43030 | K84: no | L84: 1
A85: =HYPERLINK("https://www.yelp.com/biz/%E3%82%B6-%E3%83%9F%E3%83%A5%E3%83%B3%E3%83%92-%E7%8F%88%E7%90%B2%E3%81%A0%E3%81%91%E3%81%AE%E5%BA%97-%E5%85%AB%E5%B0%BE%E5%B8%82","The Münch") -> The Münch | B85: $1 Coffee Vs. $914 Coffee • Japan | C85: $$$ | D85: 3 | E85: 9 | F85: $914.00 - 22 Year Barrel-Aged Coffee | G85: https://www.yelp.com/biz/%E3%82%B6-%E3%83%9F%E3%83%A5%E3%83%B3%E3%83%92-%E7%8F%88%E7%90%B2%E3%81%A0%E3%81%91%E3%81%AE%E5%BA%97-%E5%85%AB%E5%B0%BE%E5%B8%82 | H85: 2 Chome-386 Osakabe, Yao, Osaka 581-0015, Japan | I85: http://www.youtube.com/watch?v=qIbbJV-grHg | J85: 43030 | K85: no
A86: =HYPERLINK("https://www.pablo3.com/shop/detail/?seq=32","CLOSED Pablo Coffee") -> CLOSED Pablo Coffee | B86: $7 Cake Vs. $208 Cake • Japan | C86: $ | D86: 3 | E86: 10 | F86: $7.00 - Pablo Cheese Tart | G86: https://www.pablo3.com/shop/detail/?seq=32 | H86: America-mura, 1 Chome Higashishinsaibashi, Chuo Ward, Osaka, 542-0086, Japan | I86: http://www.youtube.com/watch?v=uDzl5PG51uI | J86: 43037 | K86: no
A87: =HYPERLINK("https://www.newotani.co.jp/en/tokyo/restaurant/p-satsuki/","Patisserie Satsuki") -> Patisserie Satsuki | B87: $7 Cake Vs. $208 Cake • Japan | C87: $$$ | D87: 3 | E87: 10 | F87: $208.00 - Extra Super Melon Shortcake | G87: https://www.newotani.co.jp/en/tokyo/restaurant/p-satsuki/ | H87: 4-1 Kioicho, Chiyoda City, Tokyo 102-0094, Japan | I87: http://www.youtube.com/watch?v=uDzl5PG51uI | J87: 43037 | K87: no | M87: Entire cake
A88: =HYPERLINK("http://www.theobroma.co.jp/","Théobroma") -> Théobroma | B88: $7 Cake Vs. $208 Cake • Japan | C88: $$ | D88: 3 | E88: 10 | F88: $23.00 - San Joaquin Dos | G88: http://www.theobroma.co.jp/ | H88: 1 Chome-14-9 Tomigaya, Shibuya City, Tokyo 151-0063, Japan | I88: http://www.youtube.com/watch?v=uDzl5PG51uI | J88: 43037 | K88: no | L88: 4
A89: =HYPERLINK("https://isetan.mistore.jp/store/shinjuku/foreign_customer/index.html","Isetan Department Store") -> Isetan Department Store | B89: $1,977 Japanese Grapes | C89: One Stop | D89: One Stop | E89: 1 | F89: $1,977.00 - Ruby Roman Grapes | G89: https://isetan.mistore.jp/store/shinjuku/foreign_customer/index.html | H89: 3 Chome-14-1 Shinjuku, Shinjuku City, Tokyo 160-0022, Japan | I89: http://www.youtube.com/watch?v=FGAfZ-PTaNU | J89: 43057 | K89: no
A90: =HYPERLINK("https://providencela.com/","Providence") -> Providence | B90: $210 7-Course Seafood Dinner | C90: One Stop | D90: One Stop | E90: 2 | F90: $210.00 - Seasonal Tasting Menu | G90: https://providencela.com/ | H90: 5955 Melrose Ave, Los Angeles, CA 90038 | I90: http://www.youtube.com/watch?v=fjSKDTLPmE8 | J90: 43099 | K90: no
A91: =HYPERLINK("http://chowgirls.net/","Chowgirls Killer Catering") -> Chowgirls Killer Catering | B91: $10 Game Day Food Vs. $456 Game Day Food • Super Bowl 2018 | C91: $$$ | D91: 3 | E91: 11 | F91: $456.00 - Chowgirls Super Bowl Feast | G91: http://chowgirls.net/ | H91: 336 Hoover St NE, Minneapolis, MN 55413 | I91: http://www.youtube.com/watch?v=se9E-qvPJSg | J91: 43132 | K91: no | L91: 2
A92: =HYPERLINK("www.pajaritostp.com/","Pajarito") -> Pajarito | B92: $10 Game Day Food Vs. $456 Game Day Food • Super Bowl 2018 | C92: $ | D92: 3 | E92: 11 | F92: $10.00 - Queso Fundido | G92: www.pajaritostp.com/ | H92: 605 W 7th St W, St Paul, MN 55102 | I92: http://www.youtube.com/watch?v=se9E-qvPJSg | J92: 43132 | K92: no
A93: =HYPERLINK("https://www.revivalfriedchicken.com/","Revival") -> Revival | B93: $10 Game Day Food Vs. $456 Game Day Food • Super Bowl 2018 | C93: $$ | D93: 3 | E93: 11 | F93: $29.00 - Whole Bird Tennessee Hot | G93: https://www.revivalfriedchicken.com/ | H93: 4257 Nicollet Ave, Minneapolis, MN 55409 | I93: http://www.youtube.com/watch?v=se9E-qvPJSg | J93: 43132 | K93: yes | L93: 1 | M93: Shareable dish
A94: Belly | B94: $2 Bacon Vs. $100 Bacon | C94: $$$ | D94: 4 | E94: 1 | F94: $100.00 - Omakase | G94: https://goo.gl/maps/sW5k1TwM84Bhdv2ZA | H94: 355 W 14th St, New York, NY 10014 | I94: http://www.youtube.com/watch?v=dT5ALH3ICTc | J94: 43177 | K94: no
A95: =HYPERLINK("http://www.cheekysps.com/new/cheekys-home.html","Cheeky's") -> Cheeky's | B95: $2 Bacon Vs. $100 Bacon | C95: $ | D95: 4 | E95: 1 | F95: $6.00 - Bacon Flight | G95: http://www.cheekysps.com/new/cheekys-home.html | H95: 622 N Palm Canyon Dr, Palm Springs, CA 92262 | I95: http://www.youtube.com/watch?v=dT5ALH3ICTc | J95: 43177 | K95: no | L95: 2 | M95: 5 slices of bacon
A96: =HYPERLINK("http://www.manuela-la.com/","Manuela") -> Manuela | B96: $2 Bacon Vs. $100 Bacon | C96: $$ | D96: 4 | E96: 1 | F96: $18.00 - BLT | G96: http://www.manuela-la.com/ | H96: 907 E 3rd St, Los Angeles, CA 90013 | I96: http://www.youtube.com/watch?v=dT5ALH3ICTc | J96: 43177 | K96: no | L96: 1
A97: Bar Bolonat (CLOSED) | B97: $1 Bagel vs. $1,000 Bagel | C97: $$ | D97: 4 | E97: 2 | F97: $7.00 - Jerusalem Bagel | H97: 317 W 12th St, New York, NY 10014 | I97: http://www.youtube.com/watch?v=rdeQT7KkqM8 | J97: 43184 | K97: no | L97: 1
A98: =HYPERLINK("https://www.marriott.com/hotels/hotel-information/restaurant/nycsw-the-westin-new-york-at-times-square/","The Westin") -> The Westin | B98: $1 Bagel vs. $1,000 Bagel | C98: $$$ | D98: 4 | E98: 2 | F98: $1,000.00 - The $1000 Bagel | G98: https://www.marriott.com/hotels/hotel-information/restaurant/nycsw-the-westin-new-york-at-times-square/ | H98: 270 W 43rd St, New York, NY 10036 | I98: http://www.youtube.com/watch?v=rdeQT7KkqM8 | J98: 43184 | K98: no
A99: =HYPERLINK("https://www.utopiabagelsofnewyork.com/","Utopia Bagels") -> Utopia Bagels | B99: $1 Bagel vs. $1,000 Bagel | C99: $ | D99: 4 | E99: 2 | F99: $1.00 - Regular Bagel | G99: https://www.utopiabagelsofnewyork.com/ | H99: 1909 Utopia Pkwy, Whitestone, NY 11357 | I99: http://www.youtube.com/watch?v=rdeQT7KkqM8 | J99: 43184 | K99: no | L99: 2
A100: =HYPERLINK("http://www.abchome.com/dine/abcv/","abcV") -> abcV | B100: $10 Vegan vs. $135 Vegan | C100: $$$ | D100: 4 | E100: 3 | F100: $184.00 - 6 dishes: Green Chickpea Hummus Grilled Donko Shitake Slow Roasted Beets Whole Roasted Cauliflower Market Carrots Warm Crimini & Chanterelle Mushrooms | G100: http://www.abchome.com/dine/abcv/ | H100: 38 E 19th St, New York, NY 10003 | I100: http://www.youtube.com/watch?v=bc5BnTYRgx8 | J100: 43191 | K100: no | L100: 2 | M100: Individual dishes, not a degustation meun
...

Sheet Main
A1: Restaurant | B1: Featured in Episode: | C1: Price Point | D1: Season | E1: Episode | F1: Cost | G1: Item | H1: Video Link | I1: Publish Date | J1: Episode Name | K1: Chain? | L1: Restaurant Link | M1: Address | N1: City | O1: Country | P1: Adam | Q1: Andrew | R1: Steven | S1: Others | T1: Votes | U1: Notes
A2: =HYPERLINK("http://www.hamasakula.com/","Hamasaku") -> Hamasaku | B2: $3 Sushi Vs. $250 Sushi | C2: $$ | D2: 1 | E2: 1 | F2: 18 | G2: Kinmedai White Ponzu Nigiri Platter Cajun Crab Roll | H2: http://www.youtube.com/watch?v=2GZrPR5Ajrs | I2: 42631 | J2: =HYPERLINK(H2,B2) -> $3 Sushi Vs. $250 Sushi | K2: no | L2: =VLOOKUP(A2, Map!A:G,2) -> $5 Pizza Vs. $135 Pizza | M2: 11043 CA-2, Los Angeles, CA 90025 | N2: Los Angeles | O2: USA | U2: Price per plate
A3: Sasabune | B3: $3 Sushi Vs. $250 Sushi | C3: $$$ | D3: 1 | E3: 1 | F3: 250 | G3: Omakase | H3: http://www.youtube.com/watch?v=2GZrPR5Ajrs | I3: 42631 | J3: =HYPERLINK(H3,B3) -> $3 Sushi Vs. $250 Sushi | K3: yes | L3: =VLOOKUP(A3, Map!A:G,2) | M3: 101 N Brand Blvd UNIT 220, Glendale, CA 91023 | N3: Los Angeles | O3: USA | T3: * | U3: Dinner for two
A4: =HYPERLINK("https://sushistop.com/","Sushi Stop") -> Sushi Stop | B4: $3 Sushi Vs. $250 Sushi | C4: $ | D4: 1 | E4: 1 | F4: 2.95 | G4: Spciy Scallap Roll | H4: http://www.youtube.com/watch?v=2GZrPR5Ajrs | I4: 42631 | J4: =HYPERLINK(H4,B4) -> $3 Sushi Vs. $250 Sushi | K4: yes | L4: =VLOOKUP(A4, Map!A:G,2) | M4: 2218 Sawtelle Blvd, Los Angeles, CA 90064 | N4: Los Angeles | O4: USA | T4: *
A5: =HYPERLINK("https://sushistop.com/","Sushi Stop") -> Sushi Stop | B5: $3 Sushi Vs. $250 Sushi | C5: $ | D5: 1 | E5: 1 | F5: 2.95 | G5: Sweet Shrimp Nigiri | H5: http://www.youtube.com/watch?v=2GZrPR5Ajrs | I5: 42631 | J5: =HYPERLINK(H5,B5) -> $3 Sushi Vs. $250 Sushi | K5: yes | L5: =VLOOKUP(A5, Map!A:G,2) | M5: 2218 Sawtelle Blvd, Los Angeles, CA 90064 | N5: Los Angeles | O5: USA | T5: *
A6: =HYPERLINK("https://sushistop.com/","Sushi Stop") -> Sushi Stop | B6: $3 Sushi Vs. $250 Sushi | C6: $ | D6: 1 | E6: 1 | F6: 4 | G6: Bluefin Nigiri | H6: http://www.youtube.com/watch?v=2GZrPR5Ajrs | I6: 42631 | J6: =HYPERLINK(H6,B6) -> $3 Sushi Vs. $250 Sushi | K6: yes | L6: =VLOOKUP(A6, Map!A:G,2) | M6: 2218 Sawtelle Blvd, Los Angeles, CA 90064 | N6: Los Angeles | O6: USA | T6: *
A7: =HYPERLINK("https://sushistop.com/","Sushi Stop") -> Sushi Stop | B7: $3 Sushi Vs. $250 Sushi | C7: $ | D7: 1 | E7: 1 | F7: 6 | G7: Spanish Mackerel | H7: http://www.youtube.com/watch?v=2GZrPR5Ajrs | I7: 42631 | J7: =HYPERLINK(H7,B7) -> $3 Sushi Vs. $250 Sushi | K7: yes | L7: =VLOOKUP(A7, Map!A:G,2) | M7: 2218 Sawtelle Blvd, Los Angeles, CA 90064 | N7: Los Angeles | O7: USA | T7: *
A8: =HYPERLINK("https://www.caesars.com/paris-las-vegas/restaurants/burger-brasserie","Burger Brasserie") -> Burger Brasserie | B8: $4 Burger Vs. $777 Burger | C8: $$$ | D8: 1 | E8: 2 | F8: 777 | G8: 777 Burger | H8: http://www.youtube.com/watch?v=wduZHtRbSkY | I8: 42638 | J8: =HYPERLINK(H8,B8) -> $4 Burger Vs. $777 Burger | K8: no | L8: =VLOOKUP(A8, Map!A:G,2) -> $5 Pizza Vs. $135 Pizza | M8: 3655 S Las Vegas Blvd, Las Vegas, NV 89109 | N8: Las Vegas | O8: USA | T8: *
A9: =HYPERLINK("https://www.caesars.com/planet-hollywood/restaurants/ramsay","Gordon Ramsay Burger") -> Gordon Ramsay Burger | B9: $4 Burger Vs. $777 Burger | C9: $$ | D9: 1 | E9: 2 | F9: 18 | G9: Hog Burger | H9: http://www.youtube.com/watch?v=wduZHtRbSkY | I9: 42638 | J9: =HYPERLINK(H9,B9) -> $4 Burger Vs. $777 Burger | K9: no | L9: =VLOOKUP(A9, Map!A:G,2) -> $5 Pizza Vs. $135 Pizza | M9: 3667 S Las Vegas Blvd, Las Vegas, NV 89109 | N9: Las Vegas | O9: USA | T9: *
A10: =HYPERLINK("https://www.habitburger.com/","Habit Burger") -> Habit Burger | B10: $4 Burger Vs. $777 Burger | C10: $ | D10: 1 | E10: 2 | F10: 4.15 | G10: Double Charburger | H10: http://www.youtube.com/watch?v=wduZHtRbSkY | I10: 42638 | J10: =HYPERLINK(H10,B10) -> $4 Burger Vs. $777 Burger | K10: yes | L10: =VLOOKUP(A10, Map!A:G,2) -> $5 Pizza Vs. $135 Pizza | M10: 4830 Blue Diamond Rd, Las Vegas, NV 89139 | N10: Las Vegas | O10: USA
A11: =HYPERLINK("https://www.blazepizza.com/locations/los-angeles-usc/","Blaze Pizza") -> Blaze Pizza | B11: $5 Pizza Vs. $135 Pizza | C11: $ | D11: 1 | E11: 3 | F11: 5.25 | G11: Simple Pie | H11: http://www.youtube.com/watch?v=vzSfnduxNDg | I11: 42645 | J11: =HYPERLINK(H11,B11) -> $5 Pizza Vs. $135 Pizza | K11: yes | L11: =VLOOKUP(A11, Map!A:G,2) -> $5 Pizza Vs. $135 Pizza | M11: 667 E Colorado Blvd, Pasadena, CA 91101 | N11: Los Angeles | O11: USA
A12: =HYPERLINK("https://www.blazepizza.com/locations/los-angeles-usc/","Blaze Pizza") -> Blaze Pizza | B12: $5 Pizza Vs. $135 Pizza | C12: $ | D12: 1 | E12: 3 | F12: 7.95 | G12: Green Stripe | H12: http://www.youtube.com/watch?v=vzSfnduxNDg | I12: 42645 | J12: =HYPERLINK(H12,B12) -> $5 Pizza Vs. $135 Pizza | K12: yes | L12: =VLOOKUP(A12, Map!A:G,2) -> $5 Pizza Vs. $135 Pizza | M12: 667 E Colorado Blvd, Pasadena, CA 91101 | N12: Los Angeles | O12: USA
A13: =HYPERLINK("https://pizzeriamozza.com/","Pizzeria Mozza") -> Pizzeria Mozza | B13: $5 Pizza Vs. $135 Pizza | C13: $$ | D13: 1 | E13: 3 | F13: 23 | G13: Squash Blossoms | H13: http://www.youtube.com/watch?v=vzSfnduxNDg | I13: 42645 | J13: =HYPERLINK(H13,B13) -> $5 Pizza Vs. $135 Pizza | K13: no | L13: =VLOOKUP(A13, Map!A:G,2) -> $15 Spaghetti Vs. $143 Spaghetti | M13: 641 N Highland Ave, Los Angeles, CA 90036 | N13: Los Angeles | O13: USA | T13: **
A14: =HYPERLINK("www.wolfgangpuck.com/dining/spago/","Spago") -> Spago | B14: $5 Pizza Vs. $135 Pizza | C14: $$$ | D14: 1 | E14: 3 | F14: 135 | G14: Italian Summer Truffle | H14: http://www.youtube.com/watch?v=vzSfnduxNDg | I14: 42645 | J14: =HYPERLINK(H14,B14) -> $5 Pizza Vs. $135 Pizza | K14: no | L14: =VLOOKUP(A14, Map!A:G,2) | M14: 176 N Canon Dr, Beverly Hills, CA 90210 | N14: Los Angeles | O14: USA
A15: =HYPERLINK("http://wolfgangpuck.com/dining/cut-beverly-hills/","CUT") -> CUT | B15: $11 Steak Vs. $306 Steak | C15: $$$ | D15: 1 | E15: 4 | F15: 306 | G15: Japanese Pure Wagyu | H15: http://www.youtube.com/watch?v=Z5FoX3ju2J0 | I15: 42659 | J15: =HYPERLINK(H15,B15) -> $11 Steak Vs. $306 Steak | K15: no | L15: =VLOOKUP(A15, Map!A:G,2) -> $5 Pizza Vs. $135 Pizza | M15: 9500 Wilshire Blvd, Beverly Hills, CA 90212 | N15: Los Angeles | O15: USA | T15: *
A16: =HYPERLINK("https://www.patinagroup.com/nick-and-stefs-steakhouse-la","Nick & Stef's Steakhouse") -> Nick & Stef's Steakhouse | B16: $11 Steak Vs. $306 Steak | C16: $$ | D16: 1 | E16: 4 | F16: 72 | G16: Dry-Aged Rib Eye | H16: http://www.youtube.com/watch?v=Z5FoX3ju2J0 | I16: 42659 | J16: =HYPERLINK(H16,B16) -> $11 Steak Vs. $306 Steak | K16: no | L16: =VLOOKUP(A16, Map!A:G,2) -> $15 Spaghetti Vs. $143 Spaghetti | M16: 330 S Hope St, Los Angeles, CA 90071 | N16: Los Angeles | O16: USA | T16: *
A17: =HYPERLINK("https://unclejohnsdtla.com/","Uncle John's Cafe") -> Uncle John's Cafe | B17: $11 Steak Vs. $306 Steak | C17: $ | D17: 1 | E17: 4 | F17: 11 | G17: Steak and Eggs | H17: http://www.youtube.com/watch?v=Z5FoX3ju2J0 | I17: 42659 | J17: =HYPERLINK(H17,B17) -> $11 Steak Vs. $306 Steak | K17: no | L17: =VLOOKUP(A17, Map!A:G,2) | M17: 834 S Grand Ave, Los Angeles, CA 90017 | N17: Los Angeles | O17: USA | T17: *
A18: =HYPERLINK("http://lepetitparisla.com/","Le Petit Paris") -> Le Petit Paris | B18: $8 Pasta Vs. $100 Pasta | C18: $$$ | D18: 1 | E18: 5 | F18: 100 | G18: Flambeed White Truffle Pasta | H18: http://www.youtube.com/watch?v=NHiqsrYkcuk | I18: 42673 | J18: =HYPERLINK(H18,B18) -> $8 Pasta Vs. $100 Pasta | K18: no | L18: =VLOOKUP(A18, Map!A:G,2) -> $5 Pizza Vs. $135 Pizza | M18: 418 S Spring St, Los Angeles, CA 90013 | N18: Los Angeles | O18: USA
A19: =HYPERLINK("https://www.osteriamamma.com/","Osteria Mamma") -> Osteria Mamma | B19: $8 Pasta Vs. $100 Pasta | C19: $$ | D19: 1 | E19: 5 | F19: 19.25 | G19: Pappardelle All'anatra | H19: http://www.youtube.com/watch?v=NHiqsrYkcuk | I19: 42673 | J19: =HYPERLINK(H19,B19) -> $8 Pasta Vs. $100 Pasta | K19: no | L19: =VLOOKUP(A19, Map!A:G,2) -> $15 Spaghetti Vs. $143 Spaghetti | M19: 5732 Melrose Ave, Hollywood, CA 90004 | N19: Los Angeles | O19: USA
A20: =HYPERLINK("https://www.osteriamamma.com/","Osteria Mamma") -> Osteria Mamma | B20: $8 Pasta Vs. $100 Pasta | C20: $$ | D20: 1 | E20: 5 | F20: 19.75 | G20: Bigoli Neri Alla Bottarga | H20: http://www.youtube.com/watch?v=NHiqsrYkcuk | I20: 42673 | J20: =HYPERLINK(H20,B20) -> $8 Pasta Vs. $100 Pasta | K20: no | L20: =VLOOKUP(A20, Map!A:G,2) -> $15 Spaghetti Vs. $143 Spaghetti | M20: 5732 Melrose Ave, Hollywood, CA 90004 | N20: Los Angeles | O20: USA
A21: =HYPERLINK("https://www.pastasisters.com/","Pasta Sisters") -> Pasta Sisters | B21: $8 Pasta Vs. $100 Pasta | C21: $ | D21: 1 | E21: 5 | F21: 8.25 | G21: Tagliatella Arrabbiata | H21: http://www.youtube.com/watch?v=NHiqsrYkcuk | I21: 42673 | J21: =HYPERLINK(H21,B21) -> $8 Pasta Vs. $100 Pasta | K21: yes | L21: =VLOOKUP(A21, Map!A:G,2) -> $15 Spaghetti Vs. $143 Spaghetti | M21: 3343 W Pico Blvd, Los Angeles, CA 90019 | N21: Los Angeles | O21: USA | T21: ***
A22: =HYPERLINK("https://www.pastasisters.com/","Pasta Sisters") -> Pasta Sisters | B22: $8 Pasta Vs. $100 Pasta | C22: $ | D22: 1 | E22: 5 | F22: 12.5 | G22: Spaghetti Bottarga | H22: http://www.youtube.com/watch?v=NHiqsrYkcuk | I22: 42673 | J22: =HYPERLINK(H22,B22) -> $8 Pasta Vs. $100 Pasta | K22: yes | L22: =VLOOKUP(A22, Map!A:G,2) -> $15 Spaghetti Vs. $143 Spaghetti | M22: 3343 W Pico Blvd, Los Angeles, CA 90019 | N22: Los Angeles | O22: USA | T22: ***
A23: =HYPERLINK("https://www.pastasisters.com/","Pasta Sisters") -> Pasta Sisters | B23: $8 Pasta Vs. $100 Pasta | C23: $ | D23: 1 | E23: 5 | F23: 15.25 | G23: Gnocchi Porcini | H23: http://www.youtube.com/watch?v=NHiqsrYkcuk | I23: 42673 | J23: =HYPERLINK(H23,B23) -> $8 Pasta Vs. $100 Pasta | K23: yes | L23: =VLOOKUP(A23, Map!A:G,2) -> $15 Spaghetti Vs. $143 Spaghetti | M23: 3343 W Pico Blvd, Los Angeles, CA 90019 | N23: Los Angeles | O23: USA | T23: ***
A24: =HYPERLINK("https://www.tokyodog.com/","CLOSED Tokyo Dog") -> CLOSED Tokyo Dog | B24: $2 Hot Dog Vs. $169 Hot Dog | C24: $$$ | D24: 1 | E24: 6 | F24: 169 | G24: Juuni Ban | H24: http://www.youtube.com/watch?v=6R8n6FbXVc8 | I24: 42693 | J24: =HYPERLINK(H24,B24) -> $2 Hot Dog Vs. $169 Hot Dog | K24: no | L24: =VLOOKUP(A24, Map!A:G,2) -> $5 Pizza Vs. $135 Pizza | M24: 2nd Ave &, Pike St, Seattle, WA 98111 | N24: Seattle | O24: USA | T24: *
A25: =HYPERLINK("https://viciousdogshotdogs.com/","Vicious Dogs") -> Vicious Dogs | B25: $2 Hot Dog Vs. $169 Hot Dog | C25: $ | D25: 1 | E25: 6 | F25: 2 | G25: Kosher Dog | H25: http://www.youtube.com/watch?v=6R8n6FbXVc8 | I25: 42693 | J25: =HYPERLINK(H25,B25) -> $2 Hot Dog Vs. $169 Hot Dog | K25: no | L25: =VLOOKUP(A25, Map!A:G,2) | M25: 5231 Lankershim Blvd, North Hollywood, CA 91601 | N25: Los Angeles | O25: USA
A26: =HYPERLINK("https://viciousdogshotdogs.com/","Vicious Dogs") -> Vicious Dogs | B26: $2 Hot Dog Vs. $169 Hot Dog | C26: $ | D26: 1 | E26: 6 | F26: 6 | G26: Sweet & Spicy | H26: http://www.youtube.com/watch?v=6R8n6FbXVc8 | I26: 42693 | J26: =HYPERLINK(H26,B26) -> $2 Hot Dog Vs. $169 Hot Dog | K26: no | L26: =VLOOKUP(A26, Map!A:G,2) | M26: 5231 Lankershim Blvd, North Hollywood, CA 91601 | N26: Los Angeles | O26: USA
A27: =HYPERLINK("https://www.wurstkuche.com/","Wurstküche") -> Wurstküche | B27: $2 Hot Dog Vs. $169 Hot Dog | C27: $$ | D27: 1 | E27: 6 | F27: 8.5 | G27: Lamb with Mediterranean Spices | H27: http://www.youtube.com/watch?v=6R8n6FbXVc8 | I27: 42693 | J27: =HYPERLINK(H27,B27) -> $2 Hot Dog Vs. $169 Hot Dog | K27: yes | L27: =VLOOKUP(A27, Map!A:G,2) | M27: 800 E 3rd St, Los Angeles, CA 90013 | N27: Los Angeles | O27: USA | T27: *
A28: =HYPERLINK("https://www.wurstkuche.com/","Wurstküche") -> Wurstküche | B28: $2 Hot Dog Vs. $169 Hot Dog | C28: $$ | D28: 1 | E28: 6 | F28: 8.5 | G28: Rattlesnake & Rabbit | H28: http://www.youtube.com/watch?v=6R8n6FbXVc8 | I28: 42693 | J28: =HYPERLINK(H28,B28) -> $2 Hot Dog Vs. $169 Hot Dog | K28: yes | L28: =VLOOKUP(A28, Map!A:G,2) | M28: 800 E 3rd St, Los Angeles, CA 90013 | N28: Los Angeles | O28: USA | T28: *
A29: =HYPERLINK("https://elgaucho.com/dine/aqua/","Aqua By El Gaucho") -> Aqua By El Gaucho | B29: $8 Salmon vs $56 Salmon | C29: $$$ | D29: 1 | E29: 7 | F29: 56 | G29: King Salmon | H29: http://www.youtube.com/watch?v=V9eeg8d9XEg | I29: 42708 | J29: =HYPERLINK(H29,B29) -> $8 Salmon vs $56 Salmon | K29: no | L29: =VLOOKUP(A29, Map!A:G,2) -> #N/A | M29: 2801 Alaskan Way, Seattle, WA 98121 | N29: Seattle | O29: USA
A30: =HYPERLINK("http://www.emeraldcityfishandchips.com/","Emerald City Fish & Chips") -> Emerald City Fish & Chips | B30: $8 Salmon vs $56 Salmon | C30: $ | D30: 1 | E30: 7 | F30: 8.25 | G30: Salmon Fish & Chips | H30: http://www.youtube.com/watch?v=6R8n6FbXVc8 | I30: 42693 | J30: =HYPERLINK(H30,B30) -> $8 Salmon vs $56 Salmon | K30: no | L30: =VLOOKUP(A30, Map!A:G,2) -> $5 Pizza Vs. $135 Pizza | M30: 3756 Rainier Ave S, Seattle, WA 98144 | N30: Seattle | O30: USA | T30: **
A31: =HYPERLINK("https://www.ivars.com/locations/salmon-house","Ivar's Salmon House") -> Ivar's Salmon House | B31: $8 Salmon vs $56 Salmon | C31: $$ | D31: 1 | E31: 7 | F31: 25 | G31: Chinook King Salmon | H31: http://www.youtube.com/watch?v=6R8n6FbXVc8 | I31: 42693 | J31: =HYPERLINK(H31,B31) -> $8 Salmon vs $56 Salmon | K31: no | L31: =VLOOKUP(A31, Map!A:G,2) -> $5 Pizza Vs. $135 Pizza | M31: 401 NE Northlake Way, Seattle, WA 98105 | N31: Seattle | O31: USA
A32: =HYPERLINK("https://chosungalbee.com/","Chosun Galbee") -> Chosun Galbee | B32: $24 Korean BBQ vs $346 Korean BBQ | C32: $$$ | D32: 1 | E32: 8 | F32: 345.91 | G32: Korean BBQ | H32: http://www.youtube.com/watch?v=GTXP2FzQS94 | I32: 42722 | J32: =HYPERLINK(H32,B32) -> $24 Korean BBQ vs $346 Korean BBQ | K32: no | L32: =VLOOKUP(A32, Map!A:G,2) -> $5 Pizza Vs. $135 Pizza | M32: 3330 W Olympic Blvd, Los Angeles, CA 90019 | N32: Los Angeles | O32: USA | T32: ** | U32: S6E3 starts here
A33: OO-KOOK | B33: $24 Korean BBQ vs $346 Korean BBQ | C33: $ | D33: 1 | E33: 8 | F33: 23.99 | G33: Korean BBQ | H33: http://www.youtube.com/watch?v=GTXP2FzQS94 | I33: 42722 | J33: =HYPERLINK(H33,B33) -> $24 Korean BBQ vs $346 Korean BBQ | K33: no | L33: =VLOOKUP(A33, Map!A:G,2) -> $15 Spaghetti Vs. $143 Spaghetti | M33: 3385 W 8th St, Los Angeles, CA 90005 | N33: Los Angeles | O33: USA | T33: * | U33: Per person
A34: =HYPERLINK("https://quarterskbbq.com/","Quarters") -> Quarters | B34: $24 Korean BBQ vs $346 Korean BBQ | C34: $$ | D34: 1 | E34: 8 | F34: 65.44 | G34: Korean BBQ | H34: http://www.youtube.com/watch?v=GTXP2FzQS94 | I34: 42722 | J34: =HYPERLINK(H34,B34) -> $24 Korean BBQ vs $346 Korean BBQ | K34: no | L34: =VLOOKUP(A34, Map!A:G,2) | M34: 3465 W 6th St, Los Angeles, CA 90020 | N34: Los Angeles | O34: USA | T34: *
A35: =HYPERLINK("https://www.bottegalouie.com/","Bottega Louie") -> Bottega Louie | B35: $27 Cake Vs. $1,120 Cake | C35: $$$ | D35: 1 | E35: 9 | F35: 1120 | G35: Custom Cake | H35: http://www.youtube.com/watch?v=n4bucphC9r4 | I35: 42743 | J35: =HYPERLINK(H35,B35) -> $27 Cake Vs. $1,120 Cake | K35: no | L35: =VLOOKUP(A35, Map!A:G,2) -> $5 Pizza Vs. $135 Pizza | M35: 700 S Grand Ave, Los Angeles, CA 90017 | N35: Los Angeles | O35: USA
A36: =HYPERLINK("http://www.portosbakery.com/","Porto's Bakery") -> Porto's Bakery | B36: $27 Cake Vs. $1,120 Cake | C36: $ | D36: 1 | E36: 9 | F36: 26.75 | G36: Milk'n Berries Cake | H36: http://www.youtube.com/watch?v=n4bucphC9r4 | I36: 42743 | J36: =HYPERLINK(H36,B36) -> $27 Cake Vs. $1,120 Cake | K36: yes | L36: =VLOOKUP(A36, Map!A:G,2) -> $15 Spaghetti Vs. $143 Spaghetti | M36: 315 N Brand Blvd, Glendale, CA 91203 | N36: Los Angeles | O36: USA | T36: * | U36: Entire cake
A37: =HYPERLINK("http://proofbakery.com/","Proof Bakery") -> Proof Bakery | B37: $27 Cake Vs. $1,120 Cake | C37: $$ | D37: 1 | E37: 9 | F37: 48 | G37: Chocolate Espresso Cake | H37: http://www.youtube.com/watch?v=n4bucphC9r4 | I37: 42743 | J37: =HYPERLINK(H37,B37) -> $27 Cake Vs. $1,120 Cake | K37: no | L37: =VLOOKUP(A37, Map!A:G,2) | M37: 3156 Glendale Blvd, Los Angeles, CA 90039 | N37: Los Angeles | O37: USA | T37: * | U37: Entire cake
A38: =HYPERLINK("http://birdiesla.com/","Birdies") -> Birdies | B38: $1 Donut Vs. $100 Donut | C38: $$$ | D38: 2 | E38: 1 | F38: 100 | G38: Golden Donut | H38: http://www.youtube.com/watch?v=0n89GZvmeXI | I38: 42806 | J38: =HYPERLINK(H38,B38) -> $1 Donut Vs. $100 Donut | K38: no | L38: =VLOOKUP(A38, Map!A:G,2) -> #N/A | M38: 314 W Olympic Blvd, Los Angeles, CA 90015 | N38: Los Angeles | O38: USA
A39: =HYPERLINK("https://www.blinkiesdonuts.com/","Blinkie's Donut Emporium") -> Blinkie's Donut Emporium | B39: $1 Donut Vs. $100 Donut | C39: $ | D39: 2 | E39: 1 | F39: 1 | G39: Glazed Donut | H39: http://www.youtube.com/watch?v=0n89GZvmeXI | I39: 42806 | J39: =HYPERLINK(H39,B39) -> $1 Donut Vs. $100 Donut | K39: no | L39: =VLOOKUP(A39, Map!A:G,2) -> $5 Pizza Vs. $135 Pizza | M39: 4884 Topanga Canyon Blvd, Woodland Hills, CA 91364 | N39: Los Angeles | O39: USA | T39: ***
A40: The Church Key [CLOSED] | B40: $1 Donut Vs. $100 Donut | C40: $$ | D40: 2 | E40: 1 | F40: 12 | G40: Brioche Donuts | H40: http://www.youtube.com/watch?v=0n89GZvmeXI | I40: 42806 | J40: =HYPERLINK(H40,B40) -> $1 Donut Vs. $100 Donut | K40: no | L40: =VLOOKUP(A40, Map!A:G,2) | M40: 8730 Sunset Blvd, West Hollywood, CA 90069 | N40: Los Angeles | O40: USA | U40: 3 donuts on the plate
A41: =HYPERLINK("https://redrock.sclv.com/Dining/Feast-Buffet/Menu-Sp","Feast Buffet, Red Rock Casino") -> Feast Buffet, Red Rock Casino | B41: $7 Buffet Vs. $95 Buffet | C41: $ | D41: 2 | E41: 2 | F41: 8.99 | G41: Buffet Food | H41: http://www.youtube.com/watch?v=U61yzVVlUoE | I41: 42813 | J41: =HYPERLINK(H41,B41) -> $7 Buffet Vs. $95 Buffet | K41: no | L41: =VLOOKUP(A41, Map!A:G,2) -> $5 Pizza Vs. $135 Pizza | M41: 11011 W Charleston Blvd, Las Vegas, NV 89135 | N41: Las Vegas | O41: USA
A42: =HYPERLINK("https://www.caesars.com/ballys-las-vegas/restaurants/sterling-brunch","The Sterling Brunch, BLT Steak at Bally's") -> The Sterling Brunch, BLT Steak at Bally's | B42: $7 Buffet Vs. $95 Buffet | C42: $$$ | D42: 2 | E42: 2 | F42: 95 | G42: Buffet Food | H42: http://www.youtube.com/watch?v=U61yzVVlUoE | I42: 42813 | J42: =HYPERLINK(H42,B42) -> $7 Buffet Vs. $95 Buffet | K42: no | L42: =VLOOKUP(A42, Map!A:G,2) | M42: 3645 S Las Vegas Blvd, Las Vegas, NV 89109 | N42: Las Vegas | O42: USA | T42: **
A43: =HYPERLINK("https://www.cosmopolitanlasvegas.com/restaurants/wicked-spoon","Wicked Spoon, The Cosmopolitan") -> Wicked Spoon, The Cosmopolitan | B43: $7 Buffet Vs. $95 Buffet | C43: $$ | D43: 2 | E43: 2 | F43: 49 | G43: Buffet Food | H43: http://www.youtube.com/watch?v=U61yzVVlUoE | I43: 42813 | J43: =HYPERLINK(H43,B43) -> $7 Buffet Vs. $95 Buffet | K43: no | L43: =VLOOKUP(A43, Map!A:G,2) | M43: The Chelsea Tower, 3708 S Las Vegas Blvd Level 2, Las Vegas, NV 89109 | N43: Las Vegas | O43: USA | T43: *
A44: =HYPERLINK("http://www.guisados.co/","Guisados") -> Guisados | B44: $47 Taco Vs. $1 Taco | C44: $$ | D44: 2 | E44: 3 | F44: 2.75 | G44: Calabacitas Mole Poblano Cochinita Pibil | H44: http://www.youtube.com/watch?v=DWq_sSSWWSI | I44: 42820 | J44: =HYPERLINK(H44,B44) -> $47 Taco Vs. $1 Taco | K44: no | L44: =VLOOKUP(A44, Map!A:G,2) -> $5 Pizza Vs. $135 Pizza | M44: 2100 East Cesar E Chavez Avenue, Los Angeles, CA 90033 | N44: Los Angeles | O44: USA | T44: ** | U44: Per taco
A45: =HYPERLINK("https://www.leostacostruck.com/","Leo's Taco Truck") -> Leo's Taco Truck | B45: $47 Taco Vs. $1 Taco | C45: $ | D45: 2 | E45: 3 | F45: 1.25 | G45: Tacos Al Pastor | H45: http://www.youtube.com/watch?v=DWq_sSSWWSI | I45: 42820 | J45: =HYPERLINK(H45,B45) -> $47 Taco Vs. $1 Taco | K45: yes | L45: =VLOOKUP(A45, Map!A:G,2) -> $5 Pizza Vs. $135 Pizza | M45: 1515 South La Brea Ave, Los Angeles, CA 90019 | N45: Los Angeles | O45: USA | T45: * | U45: Per taco
A46: =HYPERLINK("https://www.cosmopolitanlasvegas.com/restaurants/rose-rabbit-lie","Rose. Rabbit. Lie") -> Rose. Rabbit. Lie | B46: $47 Taco Vs. $1 Taco | C46: $$$ | D46: 2 | E46: 3 | F46: 47 | G46: Caviar Taco | H46: http://www.youtube.com/watch?v=DWq_sSSWWSI | I46: 42820 | J46: =HYPERLINK(H46,B46) -> $47 Taco Vs. $1 Taco | K46: no | L46: =VLOOKUP(A46, Map!A:G,2) | M46: The Chelsea Tower, 3708 Las Vegas Blvd S Level 2, Las Vegas, NV 89109 | N46: Las Vegas | O46: USA
A47: =HYPERLINK("https://www.fostersfreeze.com/","Foster's Freeze") -> Foster's Freeze | B47: $1 Ice Cream Vs. $1,000 Ice Cream | C47: $ | D47: 2 | E47: 4 | F47: 1.69 | G47: Small Dipped Cone | H47: http://www.youtube.com/watch?v=rNuIOpfA2HA | I47: 42827 | J47: =HYPERLINK(H47,B47) -> $1 Ice Cream Vs. $1,000 Ice Cream | K47: yes | L47: =VLOOKUP(A47, Map!A:G,2) -> $5 Pizza Vs. $135 Pizza | M47: 4967 Eagle Rock Blvd, Los Angeles, CA 90041 | N47: Los Angeles | O47: USA | T47: *
A48: =HYPERLINK("www.scoopswestside.com/","Scoops") -> Scoops | B48: $1 Ice Cream Vs. $1,000 Ice Cream | C48: $$ | D48: 2 | E48: 4 | F48: 3.95 | G48: One Scoop Brown Bread Maple Black Truffle | H48: http://www.youtube.com/watch?v=rNuIOpfA2HA | I48: 42827 | J48: =HYPERLINK(H48,B48) -> $1 Ice Cream Vs. $1,000 Ice Cream | K48: no | L48: =VLOOKUP(A48, Map!A:G,2) | M48: 5105 York Blvd, Los Angeles, CA 90042 | N48: Los Angeles | O48: USA | T48: **
A49: =HYPERLINK("https://serendipity3.com/","Serendipity 3") -> Serendipity 3 | B49: $1 Ice Cream Vs. $1,000 Ice Cream | C49: $$$ | D49: 2 | E49: 4 | F49: 1000 | G49: Golden Opulence Sundae | H49: http://www.youtube.com/watch?v=rNuIOpfA2HA | I49: 42827 | J49: =HYPERLINK(H49,B49) -> $1 Ice Cream Vs. $1,000 Ice Cream | K49: no | L49: =VLOOKUP(A49, Map!A:G,2) | M49: 225 E 60th St, New York, NY 10022 | N49: New York City | O49: USA
A50: =HYPERLINK("http://industry-kitchen.com/","Industry Kitchen") -> Industry Kitchen | B50: $2 Pizza Vs. $2,000 Pizza • New York City | C50: $$$ | D50: 2 | E50: 5 | F50: 2000 | G50: The 24K | H50: http://www.youtube.com/watch?v=bcdJgjNDsto | I50: 42834 | J50: =HYPERLINK(H50,B50) -> $2 Pizza Vs. $2,000 Pizza • New York City | K50: no | L50: =VLOOKUP(A50, Map!A:G,2) -> $5 Pizza Vs. $135 Pizza | M50: 70 South Street, At, Maiden Ln, New York, NY 10038 | N50: New York City | O50: USA
A51: =HYPERLINK("http://www.joespizzanyc.com/","Joe's Pizza") -> Joe's Pizza | B51: $2 Pizza Vs. $2,000 Pizza • New York City | C51: $ | D51: 2 | E51: 5 | F51: 2.75 | G51: Cheese Slice | H51: http://www.youtube.com/watch?v=bcdJgjNDsto | I51: 42834 | J51: =HYPERLINK(H51,B51) -> $2 Pizza Vs. $2,000 Pizza • New York City | K51: yes | L51: =VLOOKUP(A51, Map!A:G,2) -> $5 Pizza Vs. $135 Pizza | M51: 7 Carmine St, New York, NY 10014 | N51: New York City | O51: USA | T51: *
A52: =HYPERLINK("http://www.rossonyc.com/","Rossopomodoro, Eataly Flatiron") -> Rossopomodoro, Eataly Flatiron | B52: $2 Pizza Vs. $2,000 Pizza • New York City | C52: $$ | D52: 2 | E52: 5 | F52: 13 | G52: Marinara Pizza | H52: http://www.youtube.com/watch?v=bcdJgjNDsto | I52: 42834 | J52: =HYPERLINK(H52,B52) -> $2 Pizza Vs. $2,000 Pizza • New York City | K52: yes | L52: =VLOOKUP(A52, Map!A:G,2) | M52: 200 5th Ave, New York, NY 10010 | N52: New York City | O52: USA | T52: **
A53: =HYPERLINK("http://www.rossonyc.com/","Rossopomodoro, Eataly Flatiron") -> Rossopomodoro, Eataly Flatiron | B53: $2 Pizza Vs. $2,000 Pizza • New York City | C53: $$ | D53: 2 | E53: 5 | F53: 18 | G53: Calzone | H53: http://www.youtube.com/watch?v=bcdJgjNDsto | I53: 42834 | J53: =HYPERLINK(H53,B53) -> $2 Pizza Vs. $2,000 Pizza • New York City | K53: yes | L53: =VLOOKUP(A53, Map!A:G,2) | M53: 200 5th Ave, New York, NY 10010 | N53: New York City | O53: USA
A54: =HYPERLINK("http://www.eileenscheesecake.com/","Eileen's Special Cheesecake") -> Eileen's Special Cheesecake | B54: $4 Cheesecake Vs. $70 Cheesecake | C54: $ | D54: 2 | E54: 6 | F54: 3.9 | G54: Classic Cheesecake | H54: http://www.youtube.com/watch?v=dJJFkOVHEng | I54: 42841 | J54: =HYPERLINK(H54,B54) -> $4 Cheesecake Vs. $70 Cheesecake | K54: no | L54: =VLOOKUP(A54, Map!A:G,2) -> $5 Pizza Vs. $135 Pizza | M54: 17 Cleveland Pl, New York, NY 10012 | N54: New York City | O54: USA | T54: **
A55: =HYPERLINK("https://www.ladym.com/","Lady M") -> Lady M | B55: $4 Cheesecake Vs. $70 Cheesecake | C55: $$$ | D55: 2 | E55: 6 | F55: 70 | G55: Gateu Nuage | H55: http://www.youtube.com/watch?v=dJJFkOVHEng | I55: 42841 | J55: =HYPERLINK(H55,B55) -> $4 Cheesecake Vs. $70 Cheesecake | K55: yes | L55: =VLOOKUP(A55, Map!A:G,2) -> $5 Pizza Vs. $135 Pizza | M55: 1178 Broadway, New York, NY 10001 | N55: New York City | O55: USA | U55: Entire cake
A56: =HYPERLINK("http://togrp.com/venue/stk-downtown/","STK Downtown") -> STK Downtown | B56: $4 Cheesecake Vs. $70 Cheesecake | C56: $$ | D56: 2 | E56: 6 | F56: 12 | G56: Orange Dream Cheesecake | H56: http://www.youtube.com/watch?v=dJJFkOVHEng | I56: 42841 | J56: =HYPERLINK(H56,B56) -> $4 Cheesecake Vs. $70 Cheesecake | K56: no | L56: =VLOOKUP(A56, Map!A:G,2) | M56: 26 Little W 12th St, New York, NY 10014 | N56: New York City | O56: USA | T56: *
A57: =HYPERLINK("https://www.gramercytavern.com/","Gramercy Tavern") -> Gramercy Tavern | B57: $7 Secret Menu Vs. $2,500 Secret Menu | C57: $$ | D57: 2 | E57: 7 | F57: 29 | G57: Off-Menu Bacon Burger | H57: http://www.youtube.com/watch?v=oCxJhNLCdAU | I57: 42848 | J57: =HYPERLINK(H57,B57) -> $7 Secret Menu Vs. $2,500 Secret Menu | K57: no | L57: =VLOOKUP(A57, Map!A:G,2) -> $5 Pizza Vs. $135 Pizza | M57: 42 E 20th St, New York, NY 10003 | N57: New York City | O57: USA | T57: ***
A58: =HYPERLINK("https://www.petrossian.com/new-york-boutique-cafe","Petrossian") -> Petrossian | B58: $7 Secret Menu Vs. $2,500 Secret Menu | C58: $$$ | D58: 2 | E58: 7 | F58: 2500 | G58: Caviar Souffle | H58: http://www.youtube.com/watch?v=oCxJhNLCdAU | I58: 42848 | J58: =HYPERLINK(H58,B58) -> $7 Secret Menu Vs. $2,500 Secret Menu | K58: no | L58: =VLOOKUP(A58, Map!A:G,2) -> $15 Spaghetti Vs. $143 Spaghetti | M58: 911 7th Ave, New York, NY 10019 | N58: New York City | O58: USA
A59: =HYPERLINK("https://www.shakeshack.com/food-and-drink/","Shake Shack") -> Shake Shack | B59: $7 Secret Menu Vs. $2,500 Secret Menu | C59: $ | D59: 2 | E59: 7 | F59: 6.84 | G59: Peanut Butter Bacon Burger | H59: http://www.youtube.com/watch?v=oCxJhNLCdAU | I59: 42848 | J59: =HYPERLINK(H59,B59) -> $7 Secret Menu Vs. $2,500 Secret Menu | K59: yes | L59: =VLOOKUP(A59, Map!A:G,2) | M59: 600 3rd Ave, New York, NY 10016 | N59: New York City | O59: USA
A60: =HYPERLINK("https://www.montagehotels.com/beverlyhills/en/dining/10-pound/","£10 @ The Montage Hotel") -> £10 @ The Montage Hotel | B60: $6 Cocktail Vs. $208 Cocktail | C60: $$$ | D60: 2 | E60: 8 | F60: 208 | G60: Penicillin | H60: http://www.youtube.com/watch?v=cV7sxafvBgo | I60: 42855 | J60: =HYPERLINK(H60,B60) -> $6 Cocktail Vs. $208 Cocktail | K60: no | L60: =VLOOKUP(A60, Map!A:G,2) -> #N/A | M60: 225 N Canon Dr, Beverly Hills, CA 90212 | N60: Los Angeles | O60: USA | T60: *
A61: =HYPERLINK("http://goodtimesatdaveywaynes.com/","Good Times at Davey Wayne's") -> Good Times at Davey Wayne's | B61: $6 Cocktail Vs. $208 Cocktail | C61: $ | D61: 2 | E61: 8 | F61: 6 | G61: Davey's Old Fashioned | H61: http://www.youtube.com/watch?v=cV7sxafvBgo | I61: 42855 | J61: =HYPERLINK(H61,B61) -> $6 Cocktail Vs. $208 Cocktail | K61: no | L61: =VLOOKUP(A61, Map!A:G,2) -> $5 Pizza Vs. $135 Pizza | M61: 1611 N El Centro Ave, Los Angeles, CA 90028 | N61: Los Angeles | O61: USA | T61: *
A62: =HYPERLINK("https://www.cliftonsla.com/pacific-seas/","Pacific Seas @ Clifton's") -> Pacific Seas @ Clifton's | B62: $6 Cocktail Vs. $208 Cocktail | C62: $$ | D62: 2 | E62: 8 | F62: 40 | G62: Scorpion Bowl | H62: http://www.youtube.com/watch?v=cV7sxafvBgo | I62: 42855 | J62: =HYPERLINK(H62,B62) -> $6 Cocktail Vs. $208 Cocktail | K62: no | L62: =VLOOKUP(A62, Map!A:G,2) -> $15 Spaghetti Vs. $143 Spaghetti | M62: 648 S Broadway, Los Angeles, CA 90014 | N62: Los Angeles | O62: USA | T62: *
A63: =HYPERLINK("https://www.connieandteds.com/","Connie and Ted's") -> Connie and Ted's | B63: $2 Egg Vs. $95 Egg | C63: $$ | D63: 2 | E63: 9 | F63: 18 | G63: Peeky Toe Crab & Lobster Omelette | H63: http://www.youtube.com/watch?v=JM1Qgsh2rn0 | I63: 42862 | J63: =HYPERLINK(H63,B63) -> $2 Egg Vs. $95 Egg | K63: no | L63: =VLOOKUP(A63, Map!A:G,2) -> $5 Pizza Vs. $135 Pizza | M63: 8171 Santa Monica Blvd, West Hollywood, CA 90046 | N63: Los Angeles | O63: USA | T63: **
A64: =HYPERLINK("http://laotaostreetfood.com/","Lao Tao") -> Lao Tao | B64: $2 Egg Vs. $95 Egg | C64: $ | D64: 2 | E64: 9 | F64: 2 | G64: Oolong Tea-Infused Egg | H64: http://www.youtube.com/watch?v=JM1Qgsh2rn0 | I64: 42862 | J64: =HYPERLINK(H64,B64) -> $2 Egg Vs. $95 Egg | K64: no | L64: =VLOOKUP(A64, Map!A:G,2) -> $5 Pizza Vs. $135 Pizza | M64: 727 North Broadway #207, 2nd floor, Los Angeles, CA 90012 | N64: Los Angeles | O64: USA | T64: * | U64: 1 egg
A65: =HYPERLINK("https://www.melisse.com/","Mélisse") -> Mélisse | B65: $2 Egg Vs. $95 Egg | C65: $$$ | D65: 2 | E65: 9 | F65: 95 | G65: Truggle Egg | H65: http://www.youtube.com/watch?v=JM1Qgsh2rn0 | I65: 42862 | J65: =HYPERLINK(H65,B65) -> $2 Egg Vs. $95 Egg | K65: no | L65: =VLOOKUP(A65, Map!A:G,2) -> $15 Spaghetti Vs. $143 Spaghetti | M65: 1104 Wilshire Blvd, Santa Monica, CA 90401 | N65: Los Angeles | O65: USA
A66: =HYPERLINK("https://www.tripadvisor.com/Restaurant_Review-g294197-d9299919-Reviews-Gangnam_Galmaegi-Seoul.html","Gangnam Galmegi") -> Gangnam Galmegi | B66: $13 BBQ Ribs Vs. $256 BBQ Ribs • Korea | C66: $ | D66: 2 | E66: 10 | F66: 13 | G66: Beef Rib Finger Meat | H66: http://www.youtube.com/watch?v=6naWCw5LSPc | I66: 42869 | J66: =HYPERLINK(H66,B66) -> $13 BBQ Ribs Vs. $256 BBQ Ribs • Korea | K66: no | L66: =VLOOKUP(A66, Map!A:G,2) -> $5 Pizza Vs. $135 Pizza | M66: 40 Seocho-daero 73-gil, Seocho 4(sa)-dong, Seocho-gu, Seoul, South Korea | N66: Seoul | O66: Korea
A67: So Deul Nyuk | B67: $13 BBQ Ribs Vs. $256 BBQ Ribs • Korea | C67: $$ | D67: 2 | E67: 10 | F67: 28 | G67: Soy Marinated Beef Ribs | H67: http://www.youtube.com/watch?v=6naWCw5LSPc | I67: 42869 | J67: =HYPERLINK(H67,B67) -> $13 BBQ Ribs Vs. $256 BBQ Ribs • Korea | K67: no | L67: =VLOOKUP(A67, Map!A:G,2) | M67: 232 Hyoryeong-ro, Seocho 3(sam)-dong, Seocho-gu, Seoul, South Korea | N67: Seoul | O67: Korea | T67: ***
A68: =HYPERLINK("https://www.walkerhill.com/grandwalkerhillseoul/en/dining/Myongwolgwan","Walkerhill Myongwolgwan") -> Walkerhill Myongwolgwan | B68: $13 BBQ Ribs Vs. $256 BBQ Ribs • Korea | C68: $$$ | D68: 2 | E68: 10 | F68: 256 | G68: Hanwoo 'Byeongpung' Beef Ribs | H68: http://www.youtube.com/watch?v=6naWCw5LSPc | I68: 42869 | J68: =HYPERLINK(H68,B68) -> $13 BBQ Ribs Vs. $256 BBQ Ribs • Korea | K68: no | L68: =VLOOKUP(A68, Map!A:G,2) | M68: South Korea, Seoul, Gwangjin-gu, Walkerhill-ro, 177 광장동 워커힐로 177 광진구 서울특별시 KR 04963 | N68: Seoul | O68: Korea | T68: *
A69: =HYPERLINK("www.bartong.com/","Barton G.") -> Barton G. | B69: $3 Mac 'N' Cheese Vs. $195 Mac 'N' Cheese | C69: $$$ | D69: 3 | E69: 1 | F69: 195 | G69: Truffle Lobster Mac & Cheese | H69: http://www.youtube.com/watch?v=B2COl0ui4Sc | I69: 42974 | J69: =HYPERLINK(H69,B69) -> $3 Mac 'N' Cheese Vs. $195 Mac 'N' Cheese | K69: no | L69: =VLOOKUP(A69, Map!A:G,2) -> #N/A | M69: 861 N La Cienega Blvd, Los Angeles, CA 90069 | N69: Los Angeles | O69: USA
A70: =HYPERLINK("https://www.facebook.com/ChefMarilynsSoulFoodExpress/","Chef Marilyn's") -> Chef Marilyn's | B70: $3 Mac 'N' Cheese Vs. $195 Mac 'N' Cheese | C70: $ | D70: 3 | E70: 1 | F70: 3 | G70: Mac & Cheese | H70: http://www.youtube.com/watch?v=B2COl0ui4Sc | I70: 42974 | J70: =HYPERLINK(H70,B70) -> $3 Mac 'N' Cheese Vs. $195 Mac 'N' Cheese | K70: no | L70: =VLOOKUP(A70, Map!A:G,2) -> $5 Pizza Vs. $135 Pizza | M70: 2638 Crenshaw Blvd, Los Angeles, CA 90016 | N70: Los Angeles | O70: USA | T70: *
A71: =HYPERLINK("http://littlejewel.la/","Little Jewel of New Orleans") -> Little Jewel of New Orleans | B71: $3 Mac 'N' Cheese Vs. $195 Mac 'N' Cheese | C71: $$ | D71: 3 | E71: 1 | F71: 13.99 | G71: Craw Mac Deluxe | H71: http://www.youtube.com/watch?v=B2COl0ui4Sc | I71: 42974 | J71: =HYPERLINK(H71,B71) -> $3 Mac 'N' Cheese Vs. $195 Mac 'N' Cheese | K71: no | L71: =VLOOKUP(A71, Map!A:G,2) -> $15 Spaghetti Vs. $143 Spaghetti | M71: 207 Ord St, Los Angeles, CA 90012 | N71: Los Angeles | O71: USA | T71: **
A72: =HYPERLINK("https://barrelandashes.com/","CLOSED Barrel & Ashes") -> CLOSED Barrel & Ashes | B72: $7 BBQ Ribs Vs. $68 BBQ Ribs | C72: $$ | D72: 3 | E72: 2 | F72: 36 | G72: Pork Spare Ribs | H72: http://www.youtube.com/watch?v=AAeRZX6ann8 | I72: 42981 | J72: =HYPERLINK(H72,B72) -> $7 BBQ Ribs Vs. $68 BBQ Ribs | K72: no | L72: =VLOOKUP(A72, Map!A:G,2) -> $5 Pizza Vs. $135 Pizza | M72: 11801 Ventura Blvd, Studio City, CA 91604 | N72: Studio City | O72: USA | T72: * | U72: No sides
A73: =HYPERLINK("http://www.bigmista.com/","CLOSED Bigmista's Barbecue & Sammich Shop") -> CLOSED Bigmista's Barbecue & Sammich Shop | B73: $7 BBQ Ribs Vs. $68 BBQ Ribs | C73: $ | D73: 3 | E73: 2 | F73: 7 | G73: 1/2 lb Pork Spare Ribs | H73: http://www.youtube.com/watch?v=AAeRZX6ann8 | I73: 42981 | J73: =HYPERLINK(H73,B73) -> $7 BBQ Ribs Vs. $68 BBQ Ribs | K73: no | L73: =VLOOKUP(A73, Map!A:G,2) -> $5 Pizza Vs. $135 Pizza | M73: 3444 N Los Coyotes Diagonal, Long Beach, CA 90808 | N73: Long Beach | O73: USA | T73: **
A74: =HYPERLINK("https://mapleblockmeat.com/","Maple Block Meat Co") -> Maple Block Meat Co | B74: $7 BBQ Ribs Vs. $68 BBQ Ribs | C74: $$$ | D74: 3 | E74: 2 | F74: 68 | G74: Full Rack Pork Spare Ribs | H74: http://www.youtube.com/watch?v=AAeRZX6ann8 | I74: 42981 | J74: =HYPERLINK(H74,B74) -> $7 BBQ Ribs Vs. $68 BBQ Ribs | K74: no | L74: =VLOOKUP(A74, Map!A:G,2) -> $15 Spaghetti Vs. $143 Spaghetti | M74: 3973 Sepulveda Blvd, Culver City, CA 90230 | N74: Culver City | O74: USA | U74: No sides
A75: =HYPERLINK("https://www.cirrusdining.com.au/","Cirrus") -> Cirrus | B75: $3 Seafood Vs. $213 Seafood • Australia | C75: $$ | D75: 3 | E75: 3 | F75: 42 | G75: Grilled WA Marren | H75: http://www.youtube.com/watch?v=iXexmZm3_j8 | I75: 42988 | J75: =HYPERLINK(H75,B75) -> $3 Seafood Vs. $213 Seafood • Australia | K75: no | L75: =VLOOKUP(A75, Map!A:G,2) -> $5 Pizza Vs. $135 Pizza | M75: 23 Barangaroo Ave, Barangaroo NSW 2000, Australia | N75: Sydney | O75: Australia | T75: *** | U75: Price in Australian Dollars
A76: =HYPERLINK("http://www.doyles.com.au/","Doyle's Oyster Bar") -> Doyle's Oyster Bar | B76: $3 Seafood Vs. $213 Seafood • Australia | C76: $ | D76: 3 | E76: 3 | F76: 3 | G76: Coffin Bay Oyster Sydney Rock Oyster | H76: http://www.youtube.com/watch?v=iXexmZm3_j8 | I76: 42988 | J76: =HYPERLINK(H76,B76) -> $3 Seafood Vs. $213 Seafood • Australia | K76: no | L76: =VLOOKUP(A76, Map!A:G,2) -> $5 Pizza Vs. $135 Pizza | M76: Sydney Fish Markets, 1 Bank St &, Pyrmont Bridge Rd, Pyrmont NSW 2009, Australia | N76: Sydney | O76: Australia | U76: Price per oyster in Australian Dollars
A77: =HYPERLINK("https://www.crownmelbourne.com.au/restaurants/premium/silks/info-booking","Silks") -> Silks | B77: $3 Seafood Vs. $213 Seafood • Australia | C77: $$$ | D77: 3 | E77: 3 | F77: 213 | G77: Braised Whole Green Lip Abalone | H77: http://www.youtube.com/watch?v=iXexmZm3_j8 | I77: 42988 | J77: =HYPERLINK(H77,B77) -> $3 Seafood Vs. $213 Seafood • Australia | K77: no | L77: =VLOOKUP(A77, Map!A:G,2) | M77: Level 1 Crown Towers, Crown Melbourne, 8 Whiteman St, Southbank VIC 3006, Australia | N77: Melbourne | O77: Australia | U77: Price in Australian Dollars
A78: =HYPERLINK("https://www.allsaintswine.com.au/","All Saints Estate Winery") -> All Saints Estate Winery | B78: $18 Wine Vs. $1,000 Wine | C78: $$$ | D78: 3 | E78: 4 | F78: 1000 | G78: Museum Muscadelle Museum Muscat | H78: http://www.youtube.com/watch?v=ZsJSW21oXE0 | I78: 42995 | J78: =HYPERLINK(H78,B78) -> $18 Wine Vs. $1,000 Wine | K78: no | L78: =VLOOKUP(A78, Map!A:G,2) -> #N/A | M78: 205 All Saints Rd, Wahgunyah VIC 3687, Australia | N78: Wahgunyah | O78: Australia | T78: * | U78: Price per bottle in Australian Dollars
A79: =HYPERLINK("https://www.fowleswine.com/","Fowles Wine") -> Fowles Wine | B79: $18 Wine Vs. $1,000 Wine | C79: $$ | D79: 3 | E79: 4 | F79: 35 | G79: Ladies Who Shoot Their Lunch 2016 Shiraz | H79: http://www.youtube.com/watch?v=ZsJSW21oXE0 | I79: 42995 | J79: =HYPERLINK(H79,B79) -> $18 Wine Vs. $1,000 Wine | K79: no | L79: =VLOOKUP(A79, Map!A:G,2) -> $5 Pizza Vs. $135 Pizza | M79: 1175 Lambing Gully Rd, Avenel VIC 3664, Australia | N79: Avenel | O79: Australia | T79: ** | U79: Price in Australian Dollars
A80: =HYPERLINK("http://www.tahbilk.com.au/","Tahbilk Winery") -> Tahbilk Winery | B80: $18 Wine Vs. $1,000 Wine | C80: $ | D80: 3 | E80: 4 | F80: 17.95 | G80: 2016 Marsanne | H80: http://www.youtube.com/watch?v=ZsJSW21oXE0 | I80: 42995 | J80: =HYPERLINK(H80,B80) -> $18 Wine Vs. $1,000 Wine | K80: no | L80: =VLOOKUP(A80, Map!A:G,2) | M80: 254 Oneils Rd, Tabilk VIC 3608, Australia | N80: Nagambie | O80: Australia | U80: Price in Australian Dollars
A81: =HYPERLINK("https://donovans.com.au/","Donovan's") -> Donovan's | B81: $16 Steak Vs. $150 Steak • Australia | C81: $$ | D81: 3 | E81: 5 | F81: 63 | G81: 500g Grass Fed T-Bone | H81: http://www.youtube.com/watch?v=53ivEr2Sd44 | I81: 43002 | J81: =HYPERLINK(H81,B81) -> $16 Steak Vs. $150 Steak • Australia | K81: no | L81: =VLOOKUP(A81, Map!A:G,2) -> $5 Pizza Vs. $135 Pizza | M81: 40 Jacka Blvd, St Kilda VIC 3182, Australia | N81: Melbourne | O81: Australia | T81: ** | U81: Price in Australian Dollars
A82: =HYPERLINK("http://www.rockpool.com/rockpoolbarandgrillsydney/","Rockpool Bar & Grill") -> Rockpool Bar & Grill | B82: $16 Steak Vs. $150 Steak • Australia | C82: $$$ | D82: 3 | E82: 5 | F82: 69 | G82: Eye of Chuck Wagyu Ox | H82: http://www.youtube.com/watch?v=53ivEr2Sd44 | I82: 43002 | J82: =HYPERLINK(H82,B82) -> $16 Steak Vs. $150 Steak • Australia | K82: no | L82: =VLOOKUP(A82, Map!A:G,2) | M82: 66 Hunter St, Sydney NSW 2000, Australia | N82: Sydney | O82: Australia | T82: * | U82: Price in Australian Dollars
A83: =HYPERLINK("http://www.rockpool.com/rockpoolbarandgrillsydney/","Rockpool Bar & Grill") -> Rockpool Bar & Grill | B83: $16 Steak Vs. $150 Steak • Australia | C83: $$$ | D83: 3 | E83: 5 | F83: 150 | G83: 300g Sirloin | H83: http://www.youtube.com/watch?v=53ivEr2Sd44 | I83: 43002 | J83: =HYPERLINK(H83,B83) -> $16 Steak Vs. $150 Steak • Australia | K83: no | L83: =VLOOKUP(A83, Map!A:G,2) | M83: 66 Hunter St, Sydney NSW 2000, Australia | N83: Sydney | O83: Australia | U83: Price in Australian Dollars
A84: =HYPERLINK("https://www.clovellyhotel.com.au/","The Clovelly Hotel") -> The Clovelly Hotel | B84: $16 Steak Vs. $150 Steak • Australia | C84: $ | D84: 3 | E84: 5 | F84: 16 | G84: 250g Rump Steak with Beans and Mash | H84: http://www.youtube.com/watch?v=53ivEr2Sd44 | I84: 43002 | J84: =HYPERLINK(H84,B84) -> $16 Steak Vs. $150 Steak • Australia | K84: no | L84: =VLOOKUP(A84, Map!A:G,2) | M84: 381 Clovelly Rd, Clovelly NSW 2031, Australia | N84: Sydney | O84: Australia | U84: Price in Australian Dollars
A85: =HYPERLINK("https://noodlebar-ny.momofuku.com/","Momofuku Noodle Bar") -> Momofuku Noodle Bar | B85: $17 Fried Chicken Vs. $500 Fried Chicken | C85: $$$ | D85: 3 | E85: 6 | F85: 500 | G85: Caviar & Fried Chicken | H85: http://www.youtube.com/watch?v=M6XiFKB7j0w | I85: 43009 | J85: =HYPERLINK(H85,B85) -> $17 Fried Chicken Vs. $500 Fried Chicken | K85: yes | L85: =VLOOKUP(A85, Map!A:G,2) -> $15 Spaghetti Vs. $143 Spaghetti | M85: 171 1st Avenue, New York, NY 10003 | N85: New York City | O85: USA | T85: ** | U85: 4-6 people
A86: =HYPERLINK("https://www.redroosterharlem.com/","Red Rooster") -> Red Rooster | B86: $17 Fried Chicken Vs. $500 Fried Chicken | C86: $$ | D86: 3 | E86: 6 | F86: 27 | G86: Hot Honey Yard Bird | H86: http://www.youtube.com/watch?v=M6XiFKB7j0w | I86: 43009 | J86: =HYPERLINK(H86,B86) -> $17 Fried Chicken Vs. $500 Fried Chicken | K86: no | L86: =VLOOKUP(A86, Map!A:G,2) | M86: 310 Malcolm X Blvd, New York, NY 10027 | N86: New York City | O86: USA | T86: *
A87: =HYPERLINK("http://sylviasrestaurant.com/","Sylvia's Restaurant") -> Sylvia's Restaurant | B87: $17 Fried Chicken Vs. $500 Fried Chicken | C87: $ | D87: 3 | E87: 6 | F87: 16.95 | G87: Sylvia's Down Home Fried Chicken | H87: http://www.youtube.com/watch?v=M6XiFKB7j0w | I87: 43009 | J87: =HYPERLINK(H87,B87) -> $17 Fried Chicken Vs. $500 Fried Chicken | K87: no | L87: =VLOOKUP(A87, Map!A:G,2) | M87: 328 Malcolm X Blvd, New York, NY 10027 | N87: New York City | O87: USA
A88: =HYPERLINK("https://goo.gl/maps/B1KPAVyD4Z1V4Atx5","CLOSED A-Frame") -> CLOSED A-Frame | B88: $19 Brunch Vs. $113 Brunch | C88: $$ | D88: 3 | E88: 7 | F88: 30 | G88: All You Can Drink All You Can Eat Stacks on Stacks | H88: http://www.youtube.com/watch?v=yyv2gOHMGEc | I88: 43016 | J88: =HYPERLINK(H88,B88) -> $19 Brunch Vs. $113 Brunch | K88: no | L88: =VLOOKUP(A88, Map!A:G,2) -> $5 Pizza Vs. $135 Pizza | M88: 12565 W Washington Blvd, Los Angeles, CA 90066 | N88: Culver City | O88: USA | T88: **
A89: =HYPERLINK("https://www.myhomestate.com/menu/","Homestate") -> Homestate | B89: $19 Brunch Vs. $113 Brunch | C89: $ | D89: 3 | E89: 7 | F89: 18.75 | G89: Trinity Blanco Pecos Lil Queso Iced Toddy L | H89: http://www.youtube.com/watch?v=yyv2gOHMGEc | I89: 43016 | J89: =HYPERLINK(H89,B89) -> $19 Brunch Vs. $113 Brunch | K89: no | L89: =VLOOKUP(A89, Map!A:G,2) -> $5 Pizza Vs. $135 Pizza | M89: 4624 Hollywood Blvd, Los Angeles, CA 90027 | N89: Los Angeles | O89: USA | T89: *
A90: =HYPERLINK("https://www.peninsula.com/en/beverly-hills/hotel-fine-dining/belvedere-mediterranean","The Belvedere") -> The Belvedere | B90: $19 Brunch Vs. $113 Brunch | C90: $$$ | D90: 3 | E90: 7 | F90: 113 | G90: Brunch Buffet Free Flow Champagne | H90: http://www.youtube.com/watch?v=yyv2gOHMGEc | I90: 43016 | J90: =HYPERLINK(H90,B90) -> $19 Brunch Vs. $113 Brunch | K90: no | L90: =VLOOKUP(A90, Map!A:G,2) | M90: 9882 South Santa Monica Boulevard Ground Floor, Beverly Hills, CA 90212 | N90: Los Angeles | O90: USA
A91: =HYPERLINK("https://www.facebook.com/mengekijyougeneiroppongi/?ref=py_c&utm_source=tripadvisor&utm_medium=referral","CLOSED Genei Tokyo") -> CLOSED Genei Tokyo | B91: $3 Ramen Vs. $79 Ramen • Japan | C91: $$$ | D91: 3 | E91: 8 | F91: 79 | G91: Ultimate Ramen & Highest Grade Iberico Pork Shabu Shabu Course | H91: http://www.youtube.com/watch?v=QtVL76gh09U | I91: 43023 | J91: =HYPERLINK(H91,B91) -> $3 Ramen Vs. $79 Ramen • Japan | K91: no | L91: =VLOOKUP(A91, Map!A:G,2) -> $5 Pizza Vs. $135 Pizza | M91: 4 Chome-5-7 Roppongi, Minato City, Tokyo 106-0032, Japan | N91: Tokyo | O91: Japan | U91: Multiple courses
A92: =HYPERLINK("http://rinrin.food46.com/","Rinrin") -> Rinrin | B92: $3 Ramen Vs. $79 Ramen • Japan | C92: $ | D92: 3 | E92: 8 | F92: 3 | G92: Ramen | H92: http://www.youtube.com/watch?v=QtVL76gh09U | I92: 43023 | J92: =HYPERLINK(H92,B92) -> $3 Ramen Vs. $79 Ramen • Japan | K92: no | L92: =VLOOKUP(A92, Map!A:G,2) | M92: 17-14 Senjunakaicho, Adachi City, Tokyo 120-0035, Japan | N92: Tokyo | O92: Japan | T92: **
A93: =HYPERLINK("http://www.tsuta.com/","Tsuta Japanese Soba Noodles") -> Tsuta Japanese Soba Noodles | B93: $3 Ramen Vs. $79 Ramen • Japan | C93: $$ | D93: 3 | E93: 8 | F93: 8 | G93: Shobu Soba | H93: http://www.youtube.com/watch?v=QtVL76gh09U | I93: 43023 | J93: =HYPERLINK(H93,B93) -> $3 Ramen Vs. $79 Ramen • Japan | K93: no | L93: =VLOOKUP(A93, Map!A:G,2) | M93: Japan, 〒151-0066 Tokyo, Shibuya City, Nishihara, 3 Chome−2, ２−４−Ｂ１ | N93: Tokyo | O93: Japan | T93: **
A94: =HYPERLINK("https://www.facebook.com/coffeeelementaryschool/","Coffee Elementary School") -> Coffee Elementary School | B94: $1 Coffee Vs. $914 Coffee • Japan | C94: $$ | D94: 3 | E94: 9 | F94: 4 | G94: C.E.S. Blend | H94: http://www.youtube.com/watch?v=qIbbJV-grHg | I94: 43030 | J94: =HYPERLINK(H94,B94) -> $1 Coffee Vs. $914 Coffee • Japan | K94: no | L94: =VLOOKUP(A94, Map!A:G,2) -> $5 Pizza Vs. $135 Pizza | M94: 12-6 Uguisudanicho, Shibuya City, Tokyo 150-0032, Japan | N94: Tokyo | O94: Japan | T94: ***
A95: =HYPERLINK("http://www.rostar.jp/","R.O.Star") -> R.O.Star | B95: $1 Coffee Vs. $914 Coffee • Japan | C95: $ | D95: 3 | E95: 9 | F95: 1 | G95: Bitter Sweet Blend Iced Coffee | H95: http://www.youtube.com/watch?v=qIbbJV-grHg | I95: 43030 | J95: =HYPERLINK(H95,B95) -> $1 Coffee Vs. $914 Coffee • Japan | K95: no | L95: =VLOOKUP(A95, Map!A:G,2) | M95: Japan, 〒135-0061 Tokyo, Koto City, Toyosu, 3 Chome−2−20 豊洲フロント | N95: Tokyo | O95: Japan | T95: *
A96: =HYPERLINK("https://www.yelp.com/biz/%E3%82%B6-%E3%83%9F%E3%83%A5%E3%83%B3%E3%83%92-%E7%8F%88%E7%90%B2%E3%81%A0%E3%81%91%E3%81%AE%E5%BA%97-%E5%85%AB%E5%B0%BE%E5%B8%82","The Münch") -> The Münch | B96: $1 Coffee Vs. $914 Coffee • Japan | C96: $$$ | D96: 3 | E96: 9 | F96: 914 | G96: 22 Year Barrel-Aged Coffee | H96: http://www.youtube.com/watch?v=qIbbJV-grHg | I96: 43030 | J96: =HYPERLINK(H96,B96) -> $1 Coffee Vs. $914 Coffee • Japan | K96: no | L96: =VLOOKUP(A96, Map!A:G,2) | M96: 2 Chome-386 Osakabe, Yao, Osaka 581-0015, Japan | N96: Osaka | O96: Japan
A97: =HYPERLINK("https://www.pablo3.com/shop/detail/?seq=32","CLOSED Pablo Coffee") -> CLOSED Pablo Coffee | B97: $7 Cake Vs. $208 Cake • Japan | C97: $ | D97: 3 | E97: 10 | F97: 7 | G97: Pablo Cheese Tart | H97: http://www.youtube.com/watch?v=uDzl5PG51uI | I97: 43037 | J97: =HYPERLINK(H97,B97) -> $7 Cake Vs. $208 Cake • Japan | K97: no | L97: =VLOOKUP(A97, Map!A:G,2) -> $5 Pizza Vs. $135 Pizza | M97: America-mura, 1 Chome Higashishinsaibashi, Chuo Ward, Osaka, 542-0086, Japan | N97: Osaka | O97: Japan
A98: =HYPERLINK("https://www.newotani.co.jp/en/tokyo/restaurant/p-satsuki/","Patisserie Satsuki") -> Patisserie Satsuki | B98: $7 Cake Vs. $208 Cake • Japan | C98: $$$ | D98: 3 | E98: 10 | F98: 208 | G98: Extra Super Melon Shortcake | H98: http://www.youtube.com/watch?v=uDzl5PG51uI | I98: 43037 | J98: =HYPERLINK(H98,B98) -> $7 Cake Vs. $208 Cake • Japan | K98: no | L98: =VLOOKUP(A98, Map!A:G,2) -> $15 Spaghetti Vs. $143 Spaghetti | M98: 4-1 Kioicho, Chiyoda City, Tokyo 102-0094, Japan | N98: Tokyo | O98: Japan | U98: Entire cake
A99: =HYPERLINK("http://www.theobroma.co.jp/","Théobroma") -> Théobroma | B99: $7 Cake Vs. $208 Cake • Japan | C99: $$ | D99: 3 | E99: 10 | F99: 23 | G99: San Joaquin Dos | H99: http://www.youtube.com/watch?v=uDzl5PG51uI | I99: 43037 | J99: =HYPERLINK(H99,B99) -> $7 Cake Vs. $208 Cake • Japan | K99: no | L99: =VLOOKUP(A99, Map!A:G,2) | M99: 1 Chome-14-9 Tomigaya, Shibuya City, Tokyo 151-0063, Japan | N99: Tokyo | O99: Japan | T99: ****
A100: =HYPERLINK("http://chowgirls.net/","Chowgirls Killer Catering") -> Chowgirls Killer Catering | B100: $10 Game Day Food Vs. $456 Game Day Food • Super Bowl 2018 | C100: $$$ | D100: 3 | E100: 11 | F100: 456 | G100: Chowgirls Super Bowl Feast | H100: http://www.youtube.com/watch?v=se9E-qvPJSg | I100: 43132 | J100: =HYPERLINK(H100,B100) -> $10 Game Day Food Vs. $456 Game Day Food • Super Bowl 2018 | K100: no | L100: =VLOOKUP(A100, Map!A:G,2) -> $5 Pizza Vs. $135 Pizza | M100: 336 Hoover St NE, Minneapolis, MN 55413 | N100: Minneapolis | O100: USA | T100: **
...

Sheet Read Me
A1: Here are some notes about this spreadsheet: Original credit goes to reddit user u/pauseforasecond, who created the first spreadsheet and posted it to the FoodNYC subreddit. I added a few more columns and added every episode that has been publiushed since the original spreadsheet was created. Map Sheet is formatted for importing into Google Maps, it's formatted so each row is a restaurant. It's the first sheet because Google Maps will only import the first sheet in a Google Sheet. The Google Map can be found here. Main Sheet is formatted so that each row is an item featured on the show (whether it was a main item, side trip, etc). All new entries have the Google Maps link instead of a link to a restaurant's website. I started to record which item got who's vote (not just how many votes), but I didn't go back through and do it for all the episodes. I really like the places that are featured in the Worth It videos, so I just wanted a quick and handy way to be able to see where they are if I'm ever in the vicinity of them.
